source,player_id,name,team,pos,inj,adp,market_value,pct_owned,GP,MPG,PTS,REB,AST,STL,BLK,TO,FGM,FGA,FTM,FTA,TPM,TPA,LY_GP,LY_MPG,LY_PTS,LY_REB,LY_AST,LY_STL,LY_BLK,LY_TO,LY_FGM,LY_FGA,LY_FTM,LY_FTA,LY_TPM,LY_TPA
espn,5104157,Victor Wembanyama,SAS,C,ACTIVE,3.1,82.7,99.9,67.0,31.9,1764.0,817.0,235.0,74.0,235.0,194.0,616.0,1226.0,386.0,469.0,146.0,422.0,64.0,29.19,1600.0,736.0,199.0,66.0,197.0,155.0,553.0,1080.0,372.0,450.0,122.0,350.0
espn,4278073,Shai Gilgeous-Alexander,OKC,PG,ACTIVE,2.9,73.7,99.9,76.0,33.8,2375.0,372.0,486.0,129.0,68.0,175.0,827.0,1543.0,591.0,669.0,130.0,350.0,68.0,33.26,2117.0,292.0,448.0,95.0,52.0,151.0,731.0,1321.0,540.0,614.0,115.0,298.0
espn,3112335,Nikola Jokic,DEN,C,ACTIVE,1.6,84.3,99.9,72.0,35.6,2034.0,914.0,727.0,115.0,58.0,245.0,762.0,1325.0,388.0,475.0,122.0,310.0,65.0,34.85,1799.0,836.0,697.0,92.0,53.0,243.0,644.0,1132.0,399.0,480.0,112.0,295.0
espn,4594268,Anthony Edwards,MIN,SG/SF,ACTIVE,7.2,61.6,99.9,72.0,35.8,2182.0,374.0,288.0,94.0,58.0,216.0,740.0,1541.0,440.0,547.0,262.0,662.0,61.0,34.98,1757.0,302.0,226.0,83.0,49.0,174.0,602.0,1231.0,348.0,437.0,205.0,514.0
espn,3945274,Luka Doncic,LAL,PG,ACTIVE,3.6,73.0,99.9,68.0,36.7,2245.0,578.0,605.0,109.0,34.0,272.0,743.0,1557.0,490.0,626.0,269.0,721.0,64.0,35.83,2143.0,495.0,530.0,105.0,34.0,255.0,693.0,1457.0,503.0,645.0,254.0,694.0
espn,3032977,Giannis Antetokounmpo,MIA,PF/C,ACTIVE,6.0,63.0,99.8,67.0,33.6,2148.0,764.0,422.0,74.0,54.0,248.0,807.0,1293.0,501.0,771.0,33.0,101.0,36.0,28.86,993.0,352.0,196.0,34.0,24.0,115.0,373.0,598.0,232.0,357.0,15.0,45.0
espn,4432166,Cade Cunningham,DET,PG,ACTIVE,8.1,58.3,99.8,69.0,34.8,1699.0,386.0,676.0,97.0,55.0,262.0,614.0,1332.0,333.0,407.0,138.0,400.0,64.0,33.94,1531.0,355.0,634.0,92.0,54.0,236.0,548.0,1189.0,310.0,382.0,125.0,366.0
espn,3136195,Karl-Anthony Towns,NYK,C,ACTIVE,21.0,35.3,99.8,70.0,32.7,1536.0,784.0,308.0,63.0,42.0,182.0,543.0,1064.0,322.0,378.0,128.0,322.0,75.0,30.95,1504.0,889.0,226.0,65.0,40.0,187.0,517.0,1032.0,357.0,416.0,113.0,307.0
espn,3908809,Donovan Mitchell,CLE,PG/SG,ACTIVE,11.2,50.6,99.8,71.0,33.9,1902.0,341.0,405.0,114.0,21.0,185.0,657.0,1413.0,352.0,412.0,236.0,646.0,70.0,33.44,1952.0,316.0,398.0,104.0,20.0,198.0,678.0,1403.0,372.0,430.0,224.0,616.0
espn,4431678,Tyrese Maxey,PHI,PG/SG,ACTIVE,12.6,50.2,99.8,71.0,34.2,1763.0,249.0,412.0,114.0,43.0,149.0,618.0,1356.0,327.0,369.0,200.0,554.0,70.0,38.04,1980.0,289.0,461.0,130.0,55.0,171.0,694.0,1501.0,372.0,417.0,220.0,599.0
espn,4065648,Jayson Tatum,BOS,SF/PF,ACTIVE,9.2,56.2,99.8,70.0,36.2,1869.0,602.0,406.0,77.0,35.0,196.0,639.0,1407.0,355.0,434.0,236.0,679.0,16.0,32.62,348.0,160.0,85.0,22.0,3.0,39.0,118.0,287.0,65.0,79.0,47.0,143.0
espn,3934672,Jalen Brunson,NYK,PG,ACTIVE,12.9,44.5,99.8,72.0,35.3,1938.0,238.0,497.0,65.0,7.0,173.0,685.0,1440.0,380.0,454.0,188.0,490.0,74.0,35.08,1927.0,247.0,503.0,57.0,8.0,175.0,689.0,1475.0,354.0,421.0,195.0,528.0
espn,3202,Kevin Durant,HOU,SF/PF,ACTIVE,19.5,35.0,99.8,72.0,34.6,1799.0,403.0,317.0,58.0,72.0,216.0,648.0,1238.0,340.0,396.0,163.0,389.0,78.0,36.42,2026.0,426.0,372.0,62.0,71.0,246.0,716.0,1376.0,408.0,467.0,186.0,450.0
espn,5041939,Cooper Flagg,DAL,SF/PF,ACTIVE,17.3,41.8,99.8,72.0,35.5,1603.0,504.0,346.0,94.0,72.0,173.0,607.0,1296.0,310.0,374.0,79.0,266.0,70.0,33.56,1473.0,466.0,316.0,84.0,64.0,161.0,559.0,1194.0,283.0,342.0,72.0,244.0
espn,3136193,Devin Booker,PHX,PG/SG,ACTIVE,21.0,34.1,99.7,72.0,35.8,1905.0,302.0,482.0,65.0,22.0,209.0,644.0,1375.0,458.0,518.0,159.0,468.0,64.0,33.56,1668.0,248.0,386.0,51.0,18.0,202.0,546.0,1198.0,454.0,520.0,122.0,370.0
espn,3917376,Jaylen Brown,PHI,SG/SF,ACTIVE,33.2,19.3,99.6,71.0,32.4,1699.0,419.0,305.0,78.0,28.0,199.0,630.0,1314.0,305.0,398.0,134.0,391.0,71.0,34.41,2038.0,492.0,364.0,72.0,27.0,259.0,736.0,1543.0,426.0,536.0,140.0,404.0
espn,4684740,Amen Thompson,HOU,SG/SF,ACTIVE,20.0,38.4,99.5,78.0,36.5,1381.0,601.0,398.0,117.0,55.0,179.0,534.0,998.0,289.0,374.0,24.0,109.0,79.0,37.39,1443.0,614.0,420.0,119.0,48.0,190.0,557.0,1044.0,304.0,390.0,25.0,116.0
espn,3975,Stephen Curry,GSW,PG,ACTIVE,27.8,24.4,99.5,66.0,32.0,1702.0,277.0,350.0,66.0,26.0,185.0,560.0,1234.0,281.0,304.0,301.0,752.0,43.0,30.95,1142.0,154.0,203.0,49.0,17.0,121.0,374.0,799.0,204.0,221.0,190.0,484.0
espn,3992,James Harden,CLE,PG/SG,ACTIVE,27.8,29.5,99.5,73.0,33.6,1502.0,365.0,591.0,88.0,44.0,248.0,443.0,1044.0,411.0,467.0,205.0,555.0,70.0,34.9,1652.0,336.0,557.0,79.0,28.0,245.0,487.0,1123.0,463.0,524.0,215.0,573.0
espn,4433134,Scottie Barnes,TOR,SG/SF,ACTIVE,15.9,45.2,99.4,72.0,33.8,1355.0,554.0,432.0,101.0,94.0,194.0,523.0,1080.0,234.0,295.0,75.0,252.0,80.0,33.51,1448.0,600.0,474.0,114.0,116.0,210.0,569.0,1123.0,242.0,297.0,68.0,224.0
espn,1966,LeBron James,PHI,SF/PF,ACTIVE,35.7,17.5,99.4,64.0,30.7,1347.0,403.0,448.0,64.0,32.0,192.0,508.0,973.0,227.0,301.0,104.0,282.0,60.0,33.13,1256.0,364.0,432.0,72.0,35.0,179.0,473.0,919.0,233.0,316.0,77.0,243.0
espn,4432816,LaMelo Ball,MIN,PG,ACTIVE,25.8,28.1,99.3,68.0,31.8,1570.0,367.0,544.0,88.0,20.0,218.0,548.0,1346.0,187.0,211.0,287.0,789.0,72.0,27.99,1445.0,347.0,514.0,87.0,18.0,202.0,506.0,1244.0,161.0,179.0,272.0,740.0
espn,4066261,Bam Adebayo,MIA,PF/C,ACTIVE,30.7,26.2,99.0,73.0,32.4,1471.0,730.0,234.0,88.0,51.0,117.0,507.0,1146.0,329.0,423.0,128.0,402.0,73.0,32.37,1468.0,732.0,232.0,86.0,49.0,120.0,506.0,1145.0,329.0,423.0,127.0,400.0
espn,3936299,Jamal Murray,DEN,PG,ACTIVE,31.3,24.3,98.8,69.0,35.0,1591.0,283.0,455.0,76.0,35.0,152.0,572.0,1194.0,256.0,290.0,191.0,455.0,75.0,35.37,1905.0,330.0,535.0,66.0,29.0,171.0,657.0,1360.0,346.0,390.0,245.0,563.0
espn,3149673,Pascal Siakam,IND,PF,ACTIVE,30.3,25.9,98.8,74.0,34.8,1687.0,540.0,296.0,74.0,37.0,133.0,650.0,1265.0,272.0,377.0,115.0,311.0,62.0,33.19,1485.0,411.0,236.0,69.0,25.0,138.0,559.0,1155.0,262.0,378.0,105.0,293.0
espn,4432158,Evan Mobley,CLE,PF/C,ACTIVE,36.6,20.3,98.6,66.0,33.3,1249.0,647.0,238.0,59.0,112.0,132.0,493.0,884.0,199.0,297.0,64.0,191.0,65.0,31.98,1180.0,586.0,234.0,48.0,113.0,122.0,469.0,859.0,180.0,297.0,62.0,209.0
espn,4701230,Jalen Johnson,ATL,PF,ACTIVE,8.6,55.2,98.5,72.0,36.7,1655.0,763.0,569.0,94.0,36.0,245.0,617.0,1260.0,300.0,382.0,121.0,346.0,72.0,35.21,1621.0,740.0,566.0,89.0,31.0,244.0,600.0,1228.0,301.0,382.0,120.0,341.0
espn,4432573,Paolo Banchero,ORL,SF/PF,ACTIVE,42.2,15.1,98.4,69.0,35.2,1616.0,545.0,359.0,55.0,41.0,214.0,551.0,1208.0,415.0,552.0,99.0,311.0,72.0,34.71,1599.0,604.0,373.0,51.0,40.0,222.0,529.0,1152.0,457.0,590.0,84.0,275.0
espn,4871144,Alperen Sengun,HOU,C,ACTIVE,24.2,34.1,98.3,72.0,32.7,1442.0,677.0,410.0,86.0,72.0,209.0,570.0,1109.0,269.0,389.0,33.0,115.0,72.0,33.35,1466.0,641.0,445.0,85.0,77.0,227.0,583.0,1123.0,260.0,376.0,40.0,131.0
espn,6583,Anthony Davis,WAS,PF/C,ACTIVE,33.9,25.6,98.3,61.0,32.2,1378.0,695.0,195.0,67.0,128.0,122.0,525.0,976.0,301.0,378.0,27.0,98.0,20.0,31.25,407.0,221.0,56.0,22.0,33.0,41.0,169.0,334.0,59.0,81.0,10.0,37.0
espn,4593803,Jalen Williams,OKC,SF/PF,ACTIVE,37.1,19.3,98.0,70.0,32.8,1444.0,343.0,371.0,98.0,42.0,140.0,557.0,1106.0,227.0,280.0,103.0,273.0,33.0,28.39,563.0,153.0,181.0,39.0,9.0,63.0,216.0,446.0,108.0,129.0,23.0,77.0
espn,3155942,Domantas Sabonis,SAC,PF/C,ACTIVE,16.7,41.5,97.7,69.0,34.8,1307.0,938.0,469.0,55.0,35.0,214.0,518.0,883.0,230.0,317.0,41.0,110.0,19.0,29.74,301.0,216.0,78.0,18.0,4.0,51.0,120.0,221.0,56.0,77.0,5.0,27.0
espn,4277905,Trae Young,WAS,PG,ACTIVE,24.0,34.7,97.3,71.0,34.5,1692.0,199.0,767.0,85.0,14.0,305.0,522.0,1243.0,442.0,511.0,206.0,582.0,15.0,25.47,269.0,30.0,120.0,13.0,2.0,39.0,81.0,177.0,80.0,97.0,27.0,80.0
espn,6450,Kawhi Leonard,TOR,SF/PF,ACTIVE,28.4,27.4,96.9,63.0,32.8,1579.0,391.0,221.0,107.0,38.0,120.0,578.0,1134.0,277.0,315.0,146.0,365.0,65.0,32.11,1813.0,413.0,234.0,122.0,27.0,133.0,635.0,1258.0,371.0,416.0,172.0,445.0
espn,4871145,Josh Giddey,CHI,PG/SG,ACTIVE,23.9,34.6,96.9,68.0,35.5,1258.0,626.0,653.0,82.0,41.0,258.0,446.0,986.0,229.0,299.0,137.0,374.0,54.0,32.09,919.0,448.0,494.0,55.0,27.0,196.0,321.0,717.0,174.0,228.0,103.0,283.0
espn,4066259,De'Aaron Fox,SAS,PG/SG,ACTIVE,52.1,10.9,95.3,71.0,31.3,1465.0,284.0,398.0,99.0,21.0,163.0,546.0,1157.0,230.0,298.0,143.0,419.0,72.0,31.0,1336.0,270.0,445.0,89.0,19.0,164.0,509.0,1047.0,187.0,246.0,131.0,395.0
espn,4066457,Austin Reaves,LAL,PG/SG,ACTIVE,39.0,18.7,95.2,67.0,36.6,1569.0,328.0,395.0,74.0,27.0,201.0,499.0,1032.0,403.0,462.0,168.0,462.0,51.0,34.57,1187.0,240.0,280.0,56.0,20.0,151.0,373.0,762.0,323.0,371.0,118.0,328.0
espn,3078576,Derrick White,BOS,PG/SG,ACTIVE,40.4,19.3,94.2,77.0,34.3,1275.0,347.0,408.0,85.0,92.0,139.0,438.0,1093.0,179.0,200.0,220.0,655.0,77.0,34.06,1267.0,339.0,414.0,88.0,98.0,134.0,437.0,1108.0,184.0,204.0,209.0,640.0
espn,4066320,Desmond Bane,ORL,SG/SF,ACTIVE,49.4,12.6,94.1,72.0,33.7,1489.0,346.0,346.0,79.0,36.0,166.0,536.0,1116.0,246.0,274.0,171.0,439.0,82.0,33.62,1647.0,338.0,338.0,86.0,37.0,164.0,583.0,1205.0,314.0,346.0,167.0,427.0
espn,4433255,Chet Holmgren,OKC,PF/C,ACTIVE,64.2,10.0,93.9,65.0,28.9,1073.0,546.0,130.0,39.0,137.0,104.0,394.0,735.0,194.0,247.0,91.0,247.0,69.0,28.96,1181.0,614.0,115.0,43.0,131.0,107.0,434.0,779.0,225.0,284.0,88.0,243.0
espn,3059318,Joel Embiid,PHI,C,ACTIVE,63.6,8.6,92.9,54.0,31.6,1480.0,443.0,227.0,38.0,65.0,162.0,489.0,999.0,428.0,497.0,74.0,221.0,38.0,31.5,1021.0,293.0,150.0,21.0,46.0,109.0,341.0,697.0,286.0,335.0,53.0,159.0
espn,4395628,Zion Williamson,NOP,PF/C,ACTIVE,66.5,6.5,92.6,64.0,30.9,1462.0,390.0,275.0,70.0,45.0,160.0,559.0,960.0,340.0,486.0,4.0,13.0,62.0,29.68,1302.0,353.0,199.0,60.0,34.0,126.0,484.0,807.0,333.0,465.0,1.0,4.0
espn,4683021,Deni Avdija,POR,SF/PF,ACTIVE,35.2,20.6,92.5,72.0,33.7,1658.0,518.0,454.0,58.0,43.0,259.0,521.0,1116.0,482.0,605.0,134.0,410.0,66.0,33.36,1598.0,454.0,442.0,51.0,41.0,253.0,492.0,1064.0,489.0,610.0,125.0,393.0
espn,4396993,Tyrese Haliburton,IND,PG/SG,ACTIVE,20.8,39.2,92.1,64.0,33.1,1226.0,237.0,634.0,83.0,45.0,122.0,435.0,915.0,169.0,198.0,187.0,493.0,,,,,,,,,,,,,,
espn,4433621,Jalen Duren,DET,C,ACTIVE,32.9,24.8,92.0,72.0,31.0,1458.0,842.0,166.0,65.0,72.0,144.0,561.0,857.0,336.0,454.0,,,70.0,28.26,1365.0,737.0,138.0,57.0,59.0,130.0,522.0,803.0,321.0,430.0,0.0,0.0
espn,4845367,Stephon Castle,SAS,PG/SG,ACTIVE,49.5,10.0,91.8,72.0,32.7,1306.0,403.0,547.0,86.0,22.0,245.0,447.0,965.0,317.0,432.0,95.0,295.0,68.0,29.96,1131.0,361.0,502.0,78.0,19.0,217.0,384.0,816.0,282.0,384.0,81.0,244.0
espn,4278104,Michael Porter Jr.,BKN,SF/PF,ACTIVE,53.1,10.4,91.4,69.0,33.5,1622.0,497.0,200.0,69.0,21.0,152.0,579.0,1235.0,235.0,276.0,229.0,621.0,52.0,32.5,1259.0,367.0,158.0,55.0,13.0,122.0,444.0,958.0,195.0,227.0,176.0,485.0
espn,4279888,Ja Morant,POR,PG,ACTIVE,85.4,3.9,90.6,65.0,28.6,1366.0,247.0,468.0,65.0,20.0,221.0,472.0,1066.0,329.0,390.0,93.0,325.0,20.0,28.4,389.0,65.0,161.0,20.0,6.0,71.0,132.0,322.0,105.0,117.0,20.0,85.0
espn,3147657,Mikal Bridges,NYK,SG/SF,ACTIVE,51.5,12.1,90.2,82.0,33.6,1246.0,303.0,303.0,98.0,57.0,98.0,496.0,1017.0,94.0,115.0,160.0,435.0,82.0,32.87,1181.0,312.0,304.0,107.0,62.0,83.0,472.0,963.0,81.0,98.0,156.0,420.0
espn,4869342,Dyson Daniels,ATL,PG/SG,ACTIVE,59.9,10.2,89.7,75.0,32.4,880.0,488.0,420.0,150.0,30.0,128.0,389.0,758.0,74.0,120.0,28.0,128.0,76.0,33.2,901.0,520.0,449.0,149.0,31.0,135.0,402.0,777.0,75.0,122.0,22.0,117.0
espn,5061575,Kon Knueppel,CHA,SG/SF,DAY_TO_DAY,42.4,16.2,89.4,78.0,34.2,1561.0,452.0,289.0,62.0,23.0,172.0,537.0,1131.0,202.0,234.0,285.0,671.0,81.0,31.47,1498.0,432.0,274.0,57.0,19.0,161.0,515.0,1084.0,195.0,226.0,273.0,642.0
espn,4566434,Franz Wagner,ORL,SF/PF,ACTIVE,72.3,7.1,89.3,66.0,34.0,1488.0,376.0,277.0,79.0,26.0,139.0,544.0,1148.0,297.0,350.0,103.0,343.0,34.0,29.97,699.0,177.0,113.0,32.0,11.0,58.0,244.0,507.0,163.0,198.0,48.0,139.0
espn,4066328,Jarrett Allen,CLE,C,ACTIVE,65.8,7.3,87.9,71.0,30.3,1120.0,710.0,156.0,64.0,71.0,99.0,452.0,689.0,216.0,298.0,,7.0,56.0,27.2,860.0,476.0,100.0,55.0,47.0,75.0,337.0,528.0,185.0,261.0,1.0,10.0
espn,3934719,OG Anunoby,NYK,SF/PF,ACTIVE,85.6,4.2,86.4,68.0,33.8,1150.0,354.0,150.0,102.0,48.0,122.0,403.0,836.0,185.0,224.0,159.0,415.0,67.0,33.22,1118.0,351.0,145.0,104.0,48.0,123.0,389.0,804.0,183.0,221.0,157.0,407.0
espn,4396907,Darius Garland,LAC,PG,ACTIVE,49.6,13.1,86.4,69.0,35.2,1492.0,207.0,511.0,90.0,14.0,214.0,541.0,1173.0,208.0,242.0,202.0,518.0,45.0,29.82,845.0,107.0,301.0,43.0,8.0,130.0,309.0,672.0,105.0,122.0,122.0,308.0
espn,3064514,Julius Randle,BKN,PF,ACTIVE,60.4,8.5,86.1,72.0,34.3,1587.0,583.0,360.0,50.0,14.0,223.0,563.0,1181.0,348.0,439.0,113.0,353.0,79.0,33.06,1667.0,532.0,398.0,86.0,18.0,217.0,580.0,1207.0,398.0,496.0,109.0,346.0
espn,4017837,Ivica Zubac,IND,C,ACTIVE,94.7,3.3,86.1,69.0,30.0,986.0,752.0,145.0,35.0,76.0,104.0,426.0,683.0,134.0,193.0,,,48.0,30.21,677.0,509.0,105.0,18.0,40.0,86.0,288.0,482.0,101.0,142.0,0.0,0.0
espn,3062679,Josh Hart,NYK,SG/SF,ACTIVE,99.1,2.2,86.0,68.0,31.5,830.0,524.0,340.0,82.0,20.0,136.0,316.0,619.0,100.0,136.0,98.0,245.0,66.0,30.24,792.0,486.0,317.0,75.0,17.0,128.0,301.0,592.0,90.0,125.0,100.0,242.0
espn,4066336,Lauri Markkanen,UTA,SF/PF,ACTIVE,55.8,11.7,86.0,69.0,34.0,1644.0,497.0,131.0,62.0,35.0,104.0,554.0,1194.0,326.0,366.0,210.0,573.0,42.0,34.38,1123.0,289.0,89.0,42.0,21.0,63.0,384.0,805.0,240.0,268.0,115.0,324.0
espn,3978,DeMar DeRozan,DEN,SF/PF,ACTIVE,97.4,2.0,85.3,77.0,28.9,1355.0,231.0,293.0,62.0,23.0,92.0,481.0,993.0,338.0,393.0,55.0,169.0,77.0,31.31,1419.0,226.0,316.0,80.0,23.0,96.0,499.0,1005.0,374.0,431.0,47.0,147.0
espn,6442,Kyrie Irving,DAL,PG,DAY_TO_DAY,60.3,9.9,84.8,59.0,34.6,1450.0,283.0,283.0,77.0,30.0,118.0,539.0,1109.0,204.0,224.0,168.0,413.0,,,,,,,,,,,,,,
espn,6606,Damian Lillard,POR,PG,ACTIVE,71.4,5.3,84.7,65.0,31.4,1408.0,260.0,403.0,65.0,13.0,156.0,431.0,982.0,359.0,390.0,187.0,507.0,1.0,3.0,0.0,0.0,0.0,0.0,0.0,0.0,0.0,0.0,0.0,0.0,0.0,0.0
espn,4397688,Trey Murphy III,NOP,SG/SF,ACTIVE,75.0,7.5,84.6,68.0,32.5,1329.0,354.0,231.0,88.0,27.0,109.0,461.0,986.0,204.0,231.0,203.0,537.0,66.0,35.47,1420.0,377.0,250.0,99.0,24.0,120.0,494.0,1050.0,218.0,246.0,214.0,565.0
espn,4395725,Tyler Herro,MIL,PG/SG,ACTIVE,69.9,7.3,84.1,67.0,34.0,1510.0,342.0,315.0,54.0,20.0,147.0,546.0,1146.0,224.0,248.0,194.0,516.0,33.0,31.18,677.0,158.0,136.0,23.0,12.0,64.0,247.0,515.0,99.0,108.0,84.0,222.0
espn,4277961,Jaren Jackson Jr.,UTA,PF/C,ACTIVE,90.7,4.4,82.3,62.0,31.4,1357.0,353.0,130.0,74.0,99.0,143.0,486.0,1035.0,267.0,335.0,118.0,335.0,48.0,30.33,931.0,272.0,94.0,53.0,69.0,107.0,342.0,719.0,163.0,203.0,84.0,235.0
espn,3032976,Rudy Gobert,MIN,C,ACTIVE,81.2,4.6,82.2,72.0,32.5,859.0,842.0,115.0,50.0,122.0,101.0,339.0,504.0,181.0,302.0,,,76.0,31.29,829.0,872.0,128.0,58.0,124.0,106.0,335.0,491.0,159.0,302.0,0.0,5.0
espn,4066383,Miles Bridges,PHX,SF/PF,ACTIVE,92.7,2.5,82.2,71.0,33.1,1359.0,476.0,241.0,50.0,36.0,128.0,504.0,1115.0,202.0,241.0,149.0,447.0,77.0,30.99,1314.0,450.0,246.0,46.0,34.0,107.0,479.0,1042.0,208.0,253.0,148.0,445.0
espn,5142718,AJ Dybantsa,WAS,SF,ACTIVE,76.7,5.1,82.1,72.0,32.2,1447.0,353.0,202.0,72.0,58.0,137.0,527.0,1102.0,344.0,425.0,49.0,130.0,,,,,,,,,,,,,,
espn,4433136,Walker Kessler,LAL,C,ACTIVE,78.5,8.0,82.0,64.0,31.4,736.0,794.0,109.0,45.0,166.0,102.0,318.0,480.0,92.0,173.0,8.0,38.0,5.0,31.0,72.0,54.0,15.0,7.0,9.0,16.0,26.0,37.0,14.0,20.0,6.0,8.0
espn,4395651,Coby White,CHA,PG/SG,ACTIVE,98.1,2.4,81.9,72.0,33.5,1440.0,295.0,346.0,50.0,14.0,180.0,488.0,1087.0,264.0,310.0,200.0,540.0,50.0,24.98,868.0,170.0,200.0,25.0,5.0,128.0,278.0,623.0,197.0,241.0,115.0,318.0
espn,3913176,Brandon Ingram,LAC,SF/PF,OUT,76.6,5.2,81.7,67.0,35.3,1511.0,382.0,322.0,54.0,47.0,188.0,566.0,1179.0,262.0,322.0,117.0,315.0,77.0,33.79,1655.0,430.0,284.0,58.0,55.0,187.0,614.0,1288.0,292.0,356.0,135.0,353.0
espn,5037871,Dylan Harper,SAS,PG/SG,ACTIVE,80.6,4.2,81.3,72.0,29.3,1095.0,317.0,360.0,72.0,36.0,137.0,447.0,886.0,120.0,158.0,81.0,238.0,69.0,22.59,813.0,234.0,266.0,54.0,24.0,99.0,331.0,656.0,90.0,119.0,61.0,178.0
espn,4396971,Naz Reid,CHA,PF/C,ACTIVE,66.7,7.8,80.8,76.0,30.3,1206.0,540.0,190.0,84.0,84.0,137.0,456.0,996.0,107.0,144.0,187.0,509.0,77.0,26.09,1046.0,477.0,170.0,76.0,78.0,126.0,397.0,871.0,90.0,123.0,162.0,448.0
espn,4437244,Jalen Green,PHX,SG/SF,ACTIVE,114.7,1.3,80.4,64.0,32.4,1370.0,294.0,224.0,70.0,19.0,166.0,505.0,1197.0,184.0,237.0,176.0,538.0,32.0,25.91,568.0,116.0,91.0,34.0,8.0,72.0,216.0,512.0,65.0,87.0,71.0,227.0
espn,4433287,Brandon Miller,CHA,SG/SF,ACTIVE,71.1,6.9,80.2,68.0,34.0,1515.0,367.0,252.0,75.0,48.0,190.0,527.0,1217.0,223.0,252.0,238.0,626.0,65.0,30.29,1311.0,319.0,217.0,66.0,44.0,163.0,454.0,1044.0,199.0,223.0,204.0,533.0
espn,6478,Nikola Vucevic,ORL,C,ACTIVE,116.5,1.1,79.5,72.0,25.1,991.0,554.0,194.0,43.0,43.0,86.0,411.0,821.0,82.0,101.0,87.0,245.0,64.0,28.42,965.0,537.0,213.0,39.0,41.0,85.0,394.0,799.0,77.0,93.0,100.0,271.0
espn,4431680,Onyeka Okongwu,ATL,C,ACTIVE,79.0,5.5,79.3,72.0,30.6,1077.0,562.0,216.0,79.0,72.0,115.0,399.0,814.0,153.0,202.0,126.0,338.0,74.0,31.08,1123.0,562.0,231.0,82.0,79.0,127.0,413.0,860.0,153.0,202.0,144.0,383.0
espn,5124612,VJ Edgecombe,PHI,SG,ACTIVE,84.6,3.4,79.3,72.0,33.3,1096.0,389.0,288.0,101.0,36.0,122.0,413.0,943.0,135.0,166.0,135.0,382.0,75.0,35.01,1199.0,423.0,315.0,107.0,39.0,137.0,451.0,1030.0,148.0,181.0,149.0,421.0
espn,4278039,Nickeil Alexander-Walker,ATL,PG/SG,ACTIVE,55.1,11.5,78.7,79.0,32.3,1513.0,269.0,277.0,95.0,40.0,150.0,513.0,1122.0,248.0,277.0,239.0,600.0,78.0,33.37,1624.0,268.0,286.0,102.0,42.0,162.0,548.0,1195.0,277.0,307.0,251.0,629.0
espn,2595516,Norman Powell,CHI,SG/SF,ACTIVE,82.4,4.3,78.5,69.0,33.8,1658.0,262.0,179.0,83.0,21.0,145.0,558.0,1180.0,330.0,400.0,212.0,545.0,58.0,29.64,1261.0,202.0,143.0,64.0,14.0,111.0,421.0,895.0,263.0,318.0,156.0,410.0
espn,4251,Paul George,BOS,SF/PF,ACTIVE,104.6,2.5,78.4,55.0,33.2,1090.0,297.0,209.0,94.0,28.0,116.0,386.0,853.0,157.0,182.0,161.0,407.0,37.0,30.59,641.0,197.0,133.0,62.0,16.0,64.0,225.0,513.0,91.0,111.0,100.0,255.0
espn,5160992,Alex Sarr,WAS,PF/C,DAY_TO_DAY,91.6,3.3,78.1,66.0,28.6,1089.0,502.0,185.0,53.0,132.0,119.0,434.0,931.0,141.0,205.0,80.0,244.0,48.0,27.21,783.0,355.0,130.0,39.0,95.0,82.0,316.0,656.0,101.0,146.0,50.0,150.0
espn,4431671,Jaden McDaniels,MIN,SF/PF,ACTIVE,100.6,2.1,78.0,74.0,31.7,1049.0,326.0,185.0,81.0,74.0,126.0,406.0,799.0,135.0,163.0,102.0,259.0,73.0,31.74,1084.0,310.0,199.0,81.0,73.0,131.0,417.0,809.0,147.0,176.0,103.0,250.0
espn,4433627,Keyonte George,UTA,PG/SG,ACTIVE,75.7,6.0,77.9,68.0,33.2,1514.0,252.0,415.0,68.0,14.0,211.0,479.0,1081.0,383.0,435.0,173.0,476.0,54.0,33.07,1275.0,199.0,332.0,58.0,14.0,166.0,402.0,881.0,337.0,378.0,134.0,361.0
espn,2490149,CJ McCollum,ATL,PG/SG,ACTIVE,96.6,2.0,76.7,73.0,30.2,1395.0,248.0,285.0,58.0,37.0,131.0,514.0,1132.0,174.0,226.0,193.0,511.0,76.0,29.75,1424.0,252.0,293.0,64.0,35.0,135.0,525.0,1154.0,183.0,237.0,191.0,510.0
espn,4066354,Payton Pritchard,BOS,PG/SG,ACTIVE,100.4,2.3,76.6,72.0,30.8,1155.0,274.0,346.0,50.0,7.0,94.0,432.0,929.0,102.0,115.0,189.0,497.0,79.0,32.42,1345.0,312.0,408.0,58.0,10.0,109.0,506.0,1091.0,121.0,136.0,212.0,562.0
espn,5105565,Donovan Clingan,POR,C,ACTIVE,81.8,5.9,76.2,73.0,26.2,835.0,810.0,146.0,44.0,124.0,88.0,320.0,613.0,123.0,183.0,72.0,212.0,77.0,27.18,934.0,892.0,162.0,44.0,130.0,95.0,356.0,684.0,138.0,203.0,84.0,246.0
espn,4684742,Ausar Thompson,DET,SF/PF,ACTIVE,103.8,2.5,74.7,70.0,26.8,728.0,420.0,217.0,140.0,70.0,112.0,305.0,581.0,110.0,189.0,8.0,35.0,73.0,26.03,721.0,418.0,228.0,146.0,69.0,110.0,303.0,577.0,109.0,191.0,6.0,24.0
espn,3059319,Andrew Wiggins,MIA,SF/PF,ACTIVE,116.2,1.2,74.0,67.0,30.4,1049.0,322.0,181.0,74.0,67.0,101.0,388.0,824.0,136.0,174.0,137.0,335.0,68.0,30.35,1045.0,329.0,182.0,76.0,69.0,103.0,390.0,821.0,127.0,162.0,138.0,333.0
espn,4395625,RJ Barrett,TOR,SG/SF,ACTIVE,112.4,1.2,73.7,66.0,30.8,1303.0,370.0,257.0,46.0,20.0,139.0,482.0,997.0,227.0,330.0,112.0,323.0,57.0,30.25,1098.0,300.0,189.0,42.0,19.0,99.0,401.0,816.0,200.0,279.0,96.0,283.0
espn,5041935,Cameron Boozer,MEM,PF,ACTIVE,77.0,6.8,73.6,72.0,31.7,1333.0,569.0,223.0,79.0,58.0,180.0,518.0,1051.0,273.0,346.0,24.0,65.0,,,,,,,,,,,,,,
espn,4711272,Reed Sheppard,HOU,PG/SG,ACTIVE,104.3,2.0,72.5,76.0,26.7,1024.0,228.0,258.0,114.0,53.0,114.0,376.0,882.0,61.0,76.0,211.0,540.0,82.0,26.22,1110.0,238.0,277.0,122.0,54.0,123.0,407.0,946.0,69.0,86.0,227.0,576.0
espn,3102531,Kristaps Porzingis,GSW,PF/C,DAY_TO_DAY,110.2,1.3,71.2,59.0,27.7,1112.0,384.0,130.0,41.0,94.0,83.0,373.0,767.0,248.0,295.0,118.0,313.0,32.0,24.06,533.0,167.0,81.0,18.0,38.0,41.0,173.0,388.0,133.0,158.0,54.0,160.0
espn,5095151,Caleb Wilson,CHI,SF,ACTIVE,76.3,5.1,70.9,71.0,32.1,1272.0,575.0,135.0,78.0,99.0,149.0,476.0,973.0,268.0,348.0,52.0,163.0,,,,,,,,,,,,,,
espn,4397140,Kevin Porter Jr.,MIL,PG/SG,ACTIVE,115.5,1.1,70.3,66.0,26.8,929.0,284.0,376.0,112.0,26.0,158.0,338.0,733.0,188.0,218.0,65.0,205.0,38.0,33.18,661.0,198.0,280.0,83.0,19.0,110.0,239.0,514.0,137.0,156.0,46.0,143.0
espn,4395724,Immanuel Quickley,TOR,PG/SG,ACTIVE,106.7,1.6,70.0,65.0,31.4,1108.0,260.0,377.0,72.0,7.0,98.0,379.0,865.0,180.0,215.0,170.0,449.0,70.0,31.96,1150.0,282.0,415.0,92.0,5.0,102.0,401.0,905.0,170.0,207.0,178.0,476.0
espn,3133628,Myles Turner,MIL,C,ACTIVE,127.6,0.9,70.0,71.0,27.4,882.0,391.0,107.0,50.0,121.0,92.0,298.0,667.0,138.0,185.0,148.0,383.0,71.0,26.9,846.0,378.0,103.0,50.0,115.0,83.0,284.0,646.0,131.0,177.0,147.0,384.0
espn,4711294,Matas Buzelis,CHI,SF/PF,ACTIVE,90.1,3.9,67.3,74.0,30.5,1234.0,444.0,155.0,52.0,118.0,155.0,441.0,955.0,181.0,229.0,171.0,488.0,77.0,29.19,1252.0,448.0,158.0,54.0,116.0,159.0,446.0,963.0,187.0,238.0,173.0,495.0
espn,3908845,John Collins,DET,PF/C,ACTIVE,115.7,1.2,66.6,68.0,30.6,1113.0,524.0,88.0,54.0,61.0,116.0,429.0,796.0,157.0,197.0,98.0,252.0,69.0,27.09,935.0,367.0,70.0,60.0,51.0,95.0,364.0,659.0,118.0,154.0,89.0,219.0
espn,3907497,Dejounte Murray,NOP,PG/SG,ACTIVE,67.8,7.3,66.5,68.0,32.4,1328.0,367.0,435.0,102.0,20.0,190.0,502.0,1122.0,182.0,224.0,142.0,415.0,14.0,27.86,234.0,75.0,89.0,23.0,3.0,47.0,88.0,182.0,39.0,45.0,19.0,62.0
espn,3064440,Zach LaVine,SAC,SG/SF,ACTIVE,127.5,0.9,65.8,61.0,32.8,1251.0,232.0,207.0,43.0,12.0,140.0,446.0,909.0,191.0,226.0,168.0,409.0,39.0,31.44,748.0,108.0,89.0,28.0,10.0,74.0,262.0,547.0,125.0,142.0,99.0,254.0
espn,5041955,Darryn Peterson,UTA,PG/SG,ACTIVE,108.5,2.1,64.0,73.0,29.7,1419.0,277.0,204.0,95.0,22.0,168.0,514.0,1139.0,324.0,394.0,67.0,183.0,,,,,,,,,,,,,,
espn,4591725,Ryan Rollins,MIL,PG/SG,ACTIVE,109.6,1.5,63.5,69.0,28.0,1029.0,276.0,331.0,90.0,28.0,159.0,391.0,828.0,99.0,124.0,148.0,366.0,74.0,32.09,1281.0,338.0,414.0,110.0,31.0,201.0,486.0,1030.0,125.0,157.0,184.0,453.0
espn,4395712,Andrew Nembhard,IND,PG/SG,ACTIVE,130.3,0.7,62.5,71.0,30.7,894.0,213.0,419.0,78.0,7.0,142.0,335.0,724.0,138.0,170.0,86.0,256.0,57.0,31.33,966.0,160.0,437.0,51.0,8.0,137.0,333.0,753.0,193.0,234.0,107.0,296.0
espn,3134908,Jakob Poeltl,TOR,C,ACTIVE,126.4,0.8,61.7,66.0,27.0,795.0,554.0,158.0,59.0,73.0,106.0,351.0,535.0,93.0,152.0,,,46.0,25.0,493.0,323.0,93.0,40.0,32.0,57.0,217.0,310.0,59.0,98.0,0.0,0.0
espn,6440,Tobias Harris,SAS,SF/PF,ACTIVE,119.7,1.0,60.5,71.0,30.5,1031.0,405.0,185.0,71.0,43.0,78.0,390.0,817.0,160.0,185.0,91.0,256.0,63.0,27.76,836.0,323.0,157.0,58.0,26.0,63.0,309.0,659.0,136.0,157.0,82.0,223.0
espn,4278067,Nic Claxton,CHI,C,ACTIVE,122.6,1.0,60.4,69.0,27.8,797.0,490.0,235.0,48.0,83.0,97.0,332.0,580.0,129.0,214.0,4.0,21.0,69.0,27.83,810.0,478.0,253.0,45.0,77.0,96.0,333.0,583.0,141.0,229.0,3.0,19.0
espn,6430,Jimmy Butler III,GSW,SG/SF,OUT,136.0,0.5,59.8,39.0,32.4,757.0,211.0,199.0,55.0,12.0,59.0,239.0,472.0,247.0,289.0,32.0,86.0,38.0,31.18,760.0,211.0,185.0,55.0,8.0,60.0,240.0,462.0,248.0,287.0,32.0,85.0
espn,5105623,Kel'el Ware,MIL,C,ACTIVE,107.4,2.2,57.3,72.0,24.3,854.0,691.0,58.0,58.0,86.0,65.0,349.0,655.0,69.0,94.0,87.0,223.0,77.0,22.18,851.0,694.0,56.0,59.0,84.0,62.0,344.0,649.0,71.0,96.0,92.0,233.0
espn,4065733,Ty Jerome,MEM,PG/SG,ACTIVE,93.0,2.8,57.1,64.0,25.8,1269.0,205.0,358.0,83.0,13.0,122.0,447.0,915.0,201.0,230.0,174.0,410.0,15.0,22.73,295.0,42.0,85.0,16.0,4.0,27.0,102.0,215.0,49.0,56.0,42.0,100.0
espn,4600663,Zach Edey,MEM,C,DAY_TO_DAY,124.0,1.4,55.6,62.0,26.4,789.0,670.0,74.0,43.0,112.0,130.0,325.0,533.0,126.0,167.0,13.0,43.0,11.0,25.82,150.0,122.0,12.0,7.0,21.0,26.0,62.0,98.0,25.0,32.0,1.0,5.0
espn,4432639,Jabari Smith Jr.,HOU,PF/C,ACTIVE,122.0,1.1,52.9,73.0,32.1,1032.0,496.0,117.0,44.0,58.0,88.0,370.0,825.0,144.0,183.0,148.0,409.0,77.0,35.14,1215.0,529.0,143.0,56.0,71.0,105.0,438.0,975.0,162.0,209.0,177.0,488.0
espn,4594327,Keegan Murray,SAC,SF/PF,ACTIVE,124.4,1.0,51.2,71.0,34.1,982.0,426.0,114.0,64.0,71.0,64.0,378.0,852.0,81.0,99.0,145.0,426.0,23.0,34.57,321.0,132.0,38.0,24.0,36.0,27.0,126.0,300.0,38.0,49.0,31.0,112.0
espn,3064290,Aaron Gordon,DEN,PF,ACTIVE,132.3,0.4,49.5,66.0,29.3,1026.0,363.0,205.0,33.0,20.0,86.0,360.0,693.0,206.0,264.0,100.0,244.0,36.0,27.86,582.0,209.0,96.0,21.0,10.0,38.0,198.0,398.0,125.0,163.0,61.0,157.0
espn,4869780,Derik Queen,NOP,PF/C,ACTIVE,102.5,1.7,49.0,76.0,26.4,938.0,562.0,296.0,84.0,76.0,190.0,349.0,737.0,218.0,274.0,22.0,84.0,81.0,25.04,948.0,572.0,298.0,84.0,74.0,190.0,354.0,748.0,217.0,273.0,23.0,88.0
espn,5142620,Darius Acuff Jr.,SAC,PG,ACTIVE,108.2,1.1,45.2,73.0,30.6,1234.0,241.0,431.0,80.0,22.0,212.0,441.0,993.0,289.0,343.0,63.0,168.0,,,,,,,,,,,,,,
espn,4222252,Isaiah Hartenstein,OKC,C,ACTIVE,134.8,0.6,44.4,64.0,25.0,606.0,614.0,224.0,64.0,51.0,109.0,259.0,422.0,88.0,141.0,,13.0,47.0,24.3,432.0,443.0,166.0,48.0,36.0,82.0,184.0,296.0,64.0,105.0,0.0,7.0
espn,4351851,Anfernee Simons,PHI,PG/SG,ACTIVE,140.1,0.1,43.1,66.0,25.1,972.0,152.0,198.0,33.0,7.0,92.0,349.0,805.0,107.0,119.0,167.0,442.0,55.0,24.93,785.0,135.0,134.0,27.0,8.0,68.0,285.0,648.0,69.0,77.0,146.0,379.0
espn,6589,Draymond Green,GSW,PF/C,ACTIVE,134.7,0.3,42.6,64.0,27.9,556.0,390.0,365.0,70.0,51.0,166.0,202.0,461.0,72.0,102.0,80.0,237.0,68.0,27.5,570.0,375.0,376.0,61.0,42.0,181.0,205.0,491.0,59.0,84.0,101.0,310.0
espn,4277956,Jordan Poole,NOP,PG/SG,ACTIVE,139.6,0.1,41.3,66.0,22.1,873.0,132.0,211.0,53.0,20.0,125.0,300.0,733.0,138.0,158.0,135.0,396.0,39.0,23.97,524.0,77.0,119.0,22.0,15.0,69.0,165.0,444.0,98.0,114.0,96.0,288.0
espn,4709138,Brandin Podziemski,GSW,PG/SG,ACTIVE,94.0,2.4,41.2,79.0,30.9,1158.0,442.0,316.0,95.0,16.0,134.0,409.0,901.0,181.0,229.0,159.0,427.0,82.0,28.46,1133.0,419.0,304.0,88.0,15.0,131.0,394.0,866.0,192.0,241.0,153.0,412.0
espn,2991230,Fred VanVleet,HOU,PG/SG,DAY_TO_DAY,107.6,1.7,40.8,68.0,32.2,950.0,231.0,408.0,88.0,34.0,95.0,320.0,809.0,137.0,163.0,173.0,476.0,,,,,,,,,,,,,,
espn,4395630,Devin Vassell,SAS,SG/SF,ACTIVE,135.1,0.4,40.1,69.0,27.5,987.0,242.0,186.0,62.0,28.0,76.0,364.0,807.0,111.0,138.0,148.0,393.0,67.0,30.52,932.0,269.0,167.0,57.0,25.0,60.0,330.0,755.0,106.0,130.0,166.0,432.0
espn,4431767,Christian Braun,DEN,SG/SF,ACTIVE,140.4,0.0,39.2,65.0,27.5,711.0,273.0,150.0,46.0,20.0,52.0,273.0,514.0,108.0,137.0,57.0,176.0,44.0,31.8,526.0,211.0,120.0,30.0,12.0,43.0,202.0,389.0,79.0,101.0,43.0,143.0
espn,4397002,Ayo Dosunmu,MIN,PG/SG,ACTIVE,114.2,1.1,39.0,72.0,29.4,1099.0,259.0,281.0,65.0,22.0,108.0,418.0,814.0,131.0,151.0,132.0,310.0,69.0,27.29,1022.0,237.0,249.0,58.0,18.0,96.0,386.0,747.0,127.0,145.0,123.0,280.0
espn,4278129,Deandre Ayton,WAS,C,ACTIVE,140.3,0.0,38.8,64.0,23.8,734.0,486.0,64.0,38.0,45.0,77.0,335.0,550.0,62.0,90.0,2.0,13.0,72.0,27.26,897.0,575.0,59.0,41.0,70.0,83.0,403.0,601.0,91.0,141.0,0.0,0.0
espn,4914336,Shaedon Sharpe,POR,SG/SF,OUT,140.1,0.0,37.2,27.0,25.4,454.0,100.0,62.0,27.0,3.0,59.0,170.0,378.0,68.0,86.0,46.0,140.0,50.0,29.42,1042.0,217.0,132.0,70.0,6.0,147.0,392.0,868.0,155.0,197.0,103.0,306.0
espn,4066262,Malik Monk,SAC,PG/SG,ACTIVE,139.3,0.1,34.9,68.0,26.2,1010.0,190.0,306.0,48.0,34.0,136.0,365.0,830.0,140.0,163.0,140.0,394.0,62.0,21.98,772.0,117.0,185.0,37.0,24.0,91.0,277.0,632.0,94.0,107.0,124.0,314.0
espn,5175643,Egor Demin,BKN,PG/SG,ACTIVE,135.1,0.7,34.7,71.0,32.3,941.0,291.0,305.0,71.0,28.0,149.0,314.0,788.0,94.0,114.0,219.0,568.0,52.0,25.1,536.0,165.0,173.0,42.0,17.0,86.0,179.0,449.0,54.0,65.0,124.0,322.0
espn,2530530,T.J. McConnell,IND,PG,ACTIVE,140.4,0.0,33.2,70.0,17.8,660.0,175.0,343.0,70.0,14.0,98.0,300.0,560.0,43.0,56.0,17.0,49.0,56.0,17.18,525.0,124.0,287.0,56.0,10.0,64.0,242.0,450.0,25.0,29.0,16.0,50.0
espn,4701232,Mark Williams,PHX,C,OUT,140.1,0,33.1,24.0,24.9,310.0,214.0,36.0,19.0,24.0,29.0,125.0,199.0,60.0,77.0,,,60.0,23.58,700.0,477.0,58.0,55.0,55.0,65.0,282.0,438.0,135.0,175.0,1.0,1.0
espn,4432848,Jaime Jaquez Jr.,MIL,SG/SF,ACTIVE,122.3,0.8,32.8,74.0,27.3,1063.0,363.0,318.0,52.0,22.0,141.0,424.0,844.0,159.0,207.0,56.0,178.0,75.0,28.31,1152.0,375.0,352.0,51.0,21.0,152.0,464.0,915.0,166.0,216.0,58.0,183.0
espn,4873138,Ace Bailey,UTA,SF/PF,ACTIVE,132.8,0.4,31.9,72.0,28.2,1021.0,310.0,137.0,65.0,50.0,108.0,405.0,914.0,70.0,94.0,141.0,410.0,72.0,27.56,993.0,302.0,131.0,60.0,49.0,107.0,395.0,892.0,66.0,88.0,137.0,398.0
espn,5175737,Yaxel Lendeborg,GSW,SF/PF,ACTIVE,133.2,0.5,31.7,71.0,24.6,753.0,362.0,156.0,71.0,57.0,107.0,294.0,625.0,146.0,185.0,19.0,57.0,,,,,,,,,,,,,,
espn,4278049,Daniel Gafford,DAL,C,ACTIVE,136.2,0.5,30.3,68.0,22.5,727.0,483.0,88.0,48.0,116.0,75.0,296.0,428.0,135.0,197.0,,,55.0,21.67,524.0,378.0,58.0,42.0,69.0,63.0,207.0,316.0,110.0,161.0,0.0,0.0
espn,4432165,Jalen Suggs,ORL,PG/SG,ACTIVE,137.2,0.4,30.2,62.0,26.3,819.0,211.0,248.0,93.0,43.0,143.0,291.0,663.0,113.0,136.0,124.0,353.0,57.0,27.54,786.0,220.0,312.0,105.0,40.0,152.0,282.0,649.0,100.0,117.0,122.0,360.0
espn,4576087,Peyton Watson,CLE,SF/PF,DAY_TO_DAY,125.5,0.9,29.9,71.0,30.7,1011.0,355.0,149.0,64.0,92.0,114.0,367.0,753.0,175.0,241.0,102.0,256.0,54.0,29.56,789.0,264.0,111.0,50.0,61.0,93.0,285.0,581.0,138.0,189.0,81.0,197.0
espn,5144091,Jeremiah Fears,NOP,PG/SG,ACTIVE,127.8,0.7,29.8,77.0,26.4,1127.0,293.0,270.0,92.0,31.0,169.0,421.0,970.0,188.0,239.0,97.0,293.0,82.0,25.73,1169.0,300.0,279.0,97.0,30.0,178.0,437.0,1006.0,194.0,246.0,101.0,306.0
espn,4683634,Bennedict Mathurin,NOP,SG/SF,ACTIVE,139.7,0.1,29.7,68.0,29.2,1124.0,347.0,143.0,48.0,20.0,136.0,365.0,823.0,301.0,354.0,93.0,279.0,54.0,29.96,949.0,293.0,129.0,43.0,13.0,118.0,291.0,677.0,292.0,336.0,75.0,238.0
espn,3995,Jrue Holiday,POR,PG/SG,ACTIVE,132.2,0.5,28.3,68.0,29.1,854.0,306.0,320.0,61.0,27.0,122.0,321.0,700.0,76.0,88.0,136.0,354.0,53.0,29.4,865.0,245.0,322.0,54.0,6.0,146.0,320.0,709.0,88.0,105.0,137.0,362.0
espn,4431736,Toumani Camara,POR,SF/PF,ACTIVE,139.0,0.1,28.1,75.0,29.4,800.0,375.0,150.0,83.0,38.0,105.0,292.0,653.0,81.0,113.0,135.0,368.0,82.0,33.29,1100.0,421.0,201.0,94.0,35.0,144.0,392.0,891.0,97.0,137.0,219.0,592.0
espn,3136776,D'Angelo Russell,FA,PG/SG,ACTIVE,140.0,0,26.6,48.0,17.2,433.0,96.0,168.0,24.0,10.0,72.0,153.0,374.0,66.0,86.0,61.0,192.0,26.0,19.04,264.0,61.0,104.0,12.0,2.0,49.0,94.0,232.0,43.0,60.0,33.0,112.0
espn,4397014,Quentin Grimes,LAL,SG/SF,ACTIVE,128.4,0.7,26.4,73.0,30.8,1089.0,307.0,248.0,73.0,29.0,139.0,375.0,825.0,188.0,234.0,151.0,423.0,75.0,29.49,1006.0,273.0,244.0,64.0,28.0,133.0,340.0,755.0,199.0,237.0,127.0,380.0
espn,3155526,Dillon Brooks,PHX,SG/SF,ACTIVE,132.5,0.3,25.6,69.0,30.7,1282.0,248.0,117.0,69.0,14.0,110.0,473.0,1090.0,179.0,214.0,157.0,442.0,56.0,30.39,1131.0,203.0,99.0,57.0,9.0,98.0,417.0,959.0,170.0,202.0,127.0,369.0
espn,4903027,Cedric Coward,MEM,SG/SF,ACTIVE,127.6,0.9,25.4,69.0,28.5,1060.0,449.0,207.0,48.0,35.0,131.0,382.0,794.0,179.0,207.0,117.0,338.0,62.0,25.84,843.0,364.0,171.0,40.0,27.0,105.0,305.0,648.0,140.0,166.0,93.0,275.0
espn,4278585,Collin Gillespie,PHX,PG,ACTIVE,126.3,0.8,24.6,73.0,26.8,870.0,285.0,321.0,88.0,15.0,102.0,303.0,723.0,64.0,73.0,200.0,496.0,80.0,28.48,1012.0,327.0,371.0,99.0,16.0,124.0,352.0,842.0,76.0,87.0,232.0,578.0
espn,3064482,Bobby Portis,MIA,PF/C,ACTIVE,140.1,0.1,23.4,65.0,24.3,887.0,436.0,104.0,39.0,13.0,65.0,357.0,735.0,52.0,72.0,121.0,273.0,67.0,24.13,915.0,428.0,105.0,41.0,12.0,66.0,366.0,750.0,48.0,68.0,135.0,296.0
espn,5174563,Kyshawn George,WAS,SG/SF,ACTIVE,134.5,0.6,23.0,66.0,29.4,923.0,337.0,277.0,66.0,59.0,158.0,328.0,766.0,131.0,165.0,136.0,370.0,48.0,28.94,710.0,245.0,214.0,48.0,43.0,125.0,253.0,577.0,105.0,131.0,99.0,260.0
espn,4593125,Santi Aldama,DAL,SF/PF,DAY_TO_DAY,140.6,0.0,22.5,66.0,23.7,727.0,370.0,158.0,46.0,40.0,66.0,277.0,594.0,70.0,106.0,103.0,290.0,43.0,27.84,602.0,287.0,125.0,37.0,31.0,55.0,228.0,476.0,76.0,114.0,70.0,200.0
espn,4277811,Collin Sexton,LAL,PG/SG,ACTIVE,131.3,0.5,22.2,70.0,25.8,1213.0,175.0,287.0,63.0,14.0,154.0,424.0,875.0,247.0,287.0,118.0,294.0,68.0,23.72,1050.0,155.0,223.0,76.0,10.0,141.0,360.0,742.0,218.0,255.0,112.0,279.0
espn,4397424,Neemias Queta,BOS,C,ACTIVE,136.1,0.4,20.6,72.0,23.6,682.0,554.0,108.0,50.0,86.0,65.0,287.0,439.0,107.0,151.0,1.0,7.0,76.0,25.36,776.0,636.0,126.0,60.0,100.0,75.0,326.0,499.0,123.0,175.0,1.0,8.0
espn,4712849,Anthony Black,ORL,PG/SG,DAY_TO_DAY,135.9,0.3,19.3,69.0,28.9,954.0,255.0,242.0,97.0,48.0,138.0,343.0,773.0,172.0,235.0,96.0,290.0,64.0,29.89,959.0,244.0,236.0,91.0,45.0,132.0,345.0,773.0,169.0,231.0,100.0,301.0
espn,6475,Klay Thompson,MIA,SG/SF,ACTIVE,137.8,0.3,18.9,70.0,23.0,868.0,161.0,105.0,35.0,21.0,70.0,307.0,770.0,46.0,56.0,208.0,539.0,69.0,21.65,810.0,143.0,96.0,33.0,22.0,63.0,286.0,728.0,36.0,47.0,202.0,527.0
espn,4433247,Jonathan Kuminga,MIN,SF/PF,ACTIVE,136.6,0.4,16.1,67.0,27.3,1013.0,415.0,174.0,54.0,27.0,141.0,367.0,784.0,205.0,288.0,74.0,228.0,36.0,23.08,438.0,202.0,83.0,22.0,11.0,67.0,157.0,339.0,89.0,123.0,35.0,105.0
espn,4592479,Julian Champagnie,SAS,SF/PF,ACTIVE,134.1,0.4,15.8,82.0,26.7,884.0,443.0,123.0,57.0,41.0,66.0,291.0,672.0,112.0,131.0,190.0,500.0,82.0,27.65,911.0,473.0,127.0,62.0,38.0,69.0,301.0,689.0,114.0,135.0,195.0,512.0
espn,4397136,Saddiq Bey,NOP,SF/PF,ACTIVE,138.2,0.2,15.3,71.0,27.1,1046.0,348.0,149.0,57.0,7.0,57.0,359.0,802.0,203.0,241.0,125.0,348.0,72.0,31.19,1271.0,400.0,182.0,68.0,7.0,68.0,436.0,967.0,248.0,295.0,151.0,412.0
espn,4683778,Jared McCain,OKC,PG/SG,ACTIVE,138.2,0.1,14.8,69.0,24.7,832.0,200.0,138.0,48.0,7.0,83.0,304.0,711.0,78.0,90.0,146.0,380.0,67.0,17.36,558.0,137.0,90.0,35.0,5.0,56.0,204.0,480.0,51.0,59.0,99.0,257.0
espn,4433192,Tari Eason,HOU,SF/PF,ACTIVE,140.4,0.1,14.2,66.0,24.9,685.0,403.0,92.0,79.0,33.0,86.0,265.0,620.0,61.0,79.0,94.0,264.0,60.0,25.9,627.0,375.0,90.0,72.0,28.0,81.0,241.0,580.0,52.0,67.0,93.0,260.0
espn,4683678,Scoot Henderson,POR,PG/SG,ACTIVE,140.2,0.1,14.2,66.0,27.0,952.0,191.0,297.0,66.0,20.0,178.0,323.0,779.0,184.0,224.0,122.0,350.0,30.0,24.9,427.0,80.0,112.0,27.0,9.0,73.0,143.0,342.0,84.0,100.0,57.0,162.0
espn,4683692,Cason Wallace,OKC,PG/SG,ACTIVE,137.4,0.4,13.0,76.0,26.4,640.0,236.0,190.0,144.0,30.0,68.0,247.0,562.0,49.0,61.0,97.0,274.0,77.0,26.6,660.0,238.0,200.0,150.0,28.0,73.0,252.0,584.0,55.0,68.0,101.0,288.0
espn,4351852,Mitchell Robinson,BOS,C,ACTIVE,136.4,0.3,12.2,61.0,25.4,448.0,677.0,67.0,73.0,92.0,55.0,196.0,275.0,56.0,134.0,,,60.0,19.6,340.0,525.0,52.0,56.0,70.0,41.0,149.0,206.0,42.0,103.0,0.0,0.0
espn,4601023,Oso Ighodaro,PHX,PF,ACTIVE,136.2,0.5,12.2,79.0,27.6,626.0,498.0,213.0,87.0,71.0,119.0,282.0,435.0,62.0,134.0,,,82.0,22.07,531.0,418.0,185.0,73.0,57.0,101.0,239.0,366.0,53.0,117.0,0.0,1.0
espn,2991070,Jerami Grant,MEM,PF,ACTIVE,139.4,0.1,10.3,68.0,29.4,1198.0,231.0,143.0,48.0,48.0,129.0,377.0,850.0,289.0,354.0,155.0,401.0,57.0,29.77,1060.0,199.0,122.0,42.0,36.0,119.0,331.0,730.0,262.0,322.0,136.0,350.0
espn,3133603,Kelly Oubre Jr.,IND,SG/SF,ACTIVE,140.2,0.0,9.4,67.0,26.3,820.0,295.0,87.0,74.0,34.0,74.0,304.0,663.0,132.0,174.0,80.0,248.0,50.0,31.5,705.0,252.0,80.0,68.0,24.0,69.0,254.0,544.0,111.0,145.0,86.0,239.0
espn,4278078,P.J. Washington,DAL,SF/PF,ACTIVE,139.7,0.1,8.7,64.0,29.0,844.0,422.0,109.0,58.0,64.0,102.0,313.0,698.0,133.0,192.0,85.0,256.0,56.0,30.93,793.0,394.0,98.0,55.0,60.0,94.0,296.0,658.0,125.0,182.0,76.0,234.0
espn,4431785,Scotty Pippen Jr.,MEM,PG/SG,ACTIVE,139.1,0.1,8.5,63.0,24.3,753.0,202.0,321.0,113.0,25.0,151.0,279.0,599.0,117.0,158.0,78.0,214.0,10.0,21.2,114.0,22.0,47.0,19.0,4.0,27.0,43.0,96.0,18.0,23.0,10.0,32.0
espn,3102530,Jusuf Nurkic,UTA,C,ACTIVE,140.0,0.1,8.5,64.0,23.1,604.0,582.0,218.0,64.0,45.0,128.0,234.0,467.0,107.0,173.0,29.0,96.0,41.0,26.44,447.0,425.0,196.0,52.0,22.0,101.0,180.0,358.0,62.0,113.0,25.0,71.0
espn,4278053,Davion Mitchell,MIA,PG,ACTIVE,138.8,0.1,7.7,71.0,27.7,633.0,178.0,426.0,64.0,14.0,107.0,252.0,518.0,42.0,64.0,87.0,220.0,70.0,28.57,654.0,187.0,453.0,68.0,11.0,108.0,261.0,533.0,42.0,65.0,90.0,228.0
espn,5254165,Keaton Wagler,LAC,PG/SG,ACTIVE,139.8,0.1,7.6,70.0,28.1,933.0,217.0,301.0,70.0,14.0,161.0,355.0,777.0,183.0,217.0,40.0,105.0,,,,,,,,,,,,,,
espn,3934673,Donte DiVincenzo,MIN,PG/SG,OUT,139.9,0.0,7.0,4.0,24.1,41.0,13.0,12.0,4.0,1.0,5.0,14.0,33.0,3.0,4.0,10.0,25.0,82.0,30.46,1000.0,336.0,313.0,104.0,34.0,118.0,339.0,835.0,78.0,105.0,244.0,644.0
espn,4683766,Isaiah Collier,UTA,PG,ACTIVE,140.6,0.0,6.9,67.0,22.7,660.0,161.0,415.0,67.0,20.0,154.0,246.0,509.0,140.0,194.0,28.0,107.0,59.0,25.73,688.0,150.0,423.0,66.0,20.0,148.0,255.0,515.0,151.0,209.0,27.0,100.0
espn,4684793,Kyle Filipowski,UTA,PF/C,ACTIVE,139.8,0.1,6.8,73.0,22.0,778.0,489.0,175.0,66.0,37.0,110.0,288.0,584.0,135.0,183.0,67.0,204.0,77.0,23.4,879.0,552.0,198.0,73.0,39.0,125.0,323.0,657.0,159.0,212.0,74.0,228.0
espn,3135045,Grayson Allen,CHA,PG/SG,ACTIVE,140.4,0.1,6.6,63.0,26.1,885.0,183.0,202.0,69.0,19.0,88.0,284.0,687.0,145.0,170.0,172.0,473.0,51.0,28.8,841.0,155.0,195.0,69.0,13.0,83.0,269.0,667.0,144.0,168.0,159.0,455.0
espn,2991350,Alex Caruso,OKC,PG/SG,ACTIVE,138.8,0.2,6.4,69.0,24.3,578.0,248.0,186.0,117.0,35.0,76.0,211.0,490.0,66.0,83.0,90.0,290.0,56.0,18.25,348.0,155.0,110.0,72.0,17.0,48.0,127.0,300.0,41.0,51.0,53.0,181.0
espn,3448,Brook Lopez,LAC,C,ACTIVE,139.2,0.2,6.0,72.0,26.2,765.0,310.0,108.0,43.0,122.0,65.0,284.0,598.0,81.0,101.0,116.0,317.0,75.0,21.8,634.0,273.0,97.0,45.0,87.0,61.0,232.0,542.0,56.0,74.0,114.0,317.0
espn,3138196,Cameron Johnson,DEN,SF/PF,ACTIVE,140.1,0.1,6.0,68.0,28.8,895.0,265.0,170.0,54.0,27.0,68.0,307.0,653.0,133.0,156.0,148.0,360.0,54.0,30.52,660.0,206.0,132.0,40.0,21.0,47.0,228.0,475.0,94.0,112.0,110.0,256.0
espn,5093267,Collin Murray-Boyles,TOR,PF,ACTIVE,139.6,0.2,6.0,66.0,22.9,589.0,343.0,125.0,66.0,66.0,73.0,241.0,416.0,87.0,132.0,20.0,59.0,57.0,21.84,484.0,285.0,106.0,52.0,53.0,59.0,198.0,342.0,71.0,108.0,17.0,50.0
espn,4066648,Rui Hachimura,LAC,SF/PF,ACTIVE,139.8,0.2,5.7,71.0,27.7,840.0,263.0,71.0,43.0,21.0,43.0,327.0,632.0,72.0,99.0,114.0,263.0,68.0,28.34,780.0,226.0,56.0,39.0,21.0,42.0,307.0,597.0,50.0,72.0,116.0,262.0
espn,5101761,Mikel Brown Jr.,BKN,PG,DAY_TO_DAY,140.0,0.1,5.7,71.0,30.2,1131.0,178.0,241.0,92.0,14.0,170.0,404.0,959.0,273.0,341.0,50.0,135.0,,,,,,,,,,,,,,
espn,4395626,Tre Jones,CHI,PG,ACTIVE,140.5,0.0,5.6,68.0,22.3,757.0,177.0,306.0,68.0,7.0,75.0,284.0,517.0,154.0,184.0,35.0,109.0,65.0,26.97,914.0,204.0,350.0,76.0,11.0,92.0,341.0,617.0,191.0,227.0,41.0,130.0
espn,4395723,Keldon Johnson,SAS,SF/PF,ACTIVE,139.7,0.1,5.6,77.0,25.1,1051.0,400.0,139.0,46.0,15.0,85.0,395.0,809.0,158.0,200.0,103.0,300.0,82.0,23.29,1081.0,440.0,111.0,46.0,11.0,70.0,414.0,797.0,154.0,194.0,99.0,273.0
espn,4432194,Day'Ron Sharpe,BKN,C,ACTIVE,139.1,0.3,5.6,69.0,22.0,670.0,580.0,152.0,62.0,69.0,110.0,277.0,518.0,101.0,145.0,15.0,62.0,62.0,18.69,540.0,413.0,145.0,67.0,26.0,106.0,214.0,356.0,103.0,152.0,9.0,39.0
espn,3134907,Kyle Kuzma,MIL,SF/PF,ACTIVE,140.2,0.0,4.9,68.0,25.7,886.0,313.0,177.0,41.0,27.0,122.0,336.0,700.0,131.0,184.0,83.0,245.0,69.0,26.23,896.0,313.0,184.0,46.0,28.0,119.0,339.0,689.0,135.0,186.0,83.0,239.0
espn,4433249,Moussa Diabate,CHA,PF/C,ACTIVE,140.2,0.1,4.7,70.0,24.6,525.0,581.0,119.0,49.0,63.0,70.0,210.0,336.0,105.0,161.0,,,73.0,26.03,575.0,635.0,141.0,56.0,72.0,73.0,229.0,363.0,116.0,176.0,1.0,2.0
espn,4873153,Morez Johnson Jr.,DAL,PF/C,DAY_TO_DAY,140.3,0.1,4.5,71.0,24.7,753.0,398.0,114.0,57.0,64.0,78.0,284.0,575.0,166.0,220.0,19.0,57.0,,,,,,,,,,,,,,
espn,4683774,Bronny James,LAL,PG/SG,ACTIVE,137.9,0.1,4.5,63.0,11.9,245.0,50.0,101.0,38.0,6.0,50.0,93.0,233.0,16.0,19.0,43.0,113.0,42.0,8.98,122.0,23.0,51.0,19.0,4.0,25.0,47.0,115.0,6.0,7.0,22.0,57.0
espn,4278355,Obi Toppin,IND,PF,ACTIVE,140.4,0.0,4.5,63.0,20.0,667.0,252.0,107.0,38.0,25.0,57.0,256.0,473.0,70.0,88.0,85.0,227.0,24.0,17.71,279.0,106.0,55.0,12.0,1.0,28.0,100.0,199.0,42.0,46.0,37.0,105.0
espn,4683688,Dereck Lively II,DAL,C,DAY_TO_DAY,140.3,0.1,4.3,65.0,23.6,575.0,468.0,104.0,39.0,98.0,65.0,256.0,351.0,63.0,111.0,,,7.0,16.43,30.0,37.0,13.0,4.0,11.0,10.0,11.0,18.0,8.0,10.0,0.0,0.0
espn,3032979,Dennis Schroder,CHA,PG,ACTIVE,140.5,0.0,4.2,72.0,24.7,804.0,180.0,353.0,50.0,14.0,122.0,279.0,670.0,150.0,180.0,96.0,274.0,70.0,24.2,756.0,189.0,341.0,55.0,11.0,124.0,255.0,629.0,171.0,205.0,75.0,228.0
espn,4900671,Ajay Mitchell,OKC,PG/SG,ACTIVE,139.9,0.1,4.0,55.0,23.5,669.0,165.0,182.0,61.0,17.0,72.0,248.0,512.0,119.0,138.0,54.0,154.0,57.0,25.81,774.0,190.0,206.0,71.0,18.0,81.0,286.0,590.0,141.0,162.0,61.0,176.0
espn,5203685,Khaman Maluach,PHX,C,ACTIVE,140.1,0.2,4.0,65.0,23.0,505.0,488.0,20.0,20.0,124.0,91.0,204.0,384.0,78.0,111.0,19.0,78.0,46.0,8.91,139.0,133.0,6.0,5.0,33.0,25.0,56.0,105.0,22.0,31.0,5.0,21.0
espn,4592691,Jake LaRavia,LAL,SF/PF,ACTIVE,140.0,0.2,3.8,77.0,29.2,743.0,362.0,169.0,108.0,39.0,100.0,264.0,578.0,128.0,169.0,87.0,262.0,82.0,25.17,674.0,326.0,145.0,104.0,38.0,87.0,240.0,523.0,116.0,152.0,78.0,243.0
espn,4277847,Wendell Carter Jr.,ORL,C,ACTIVE,140.4,0.0,3.7,72.0,25.4,718.0,482.0,130.0,50.0,36.0,79.0,259.0,518.0,142.0,187.0,58.0,187.0,78.0,29.36,922.0,577.0,154.0,60.0,49.0,100.0,326.0,637.0,198.0,250.0,72.0,226.0
espn,3907387,Ben Simmons,SAC,PG,ACTIVE,139.5,0.1,3.6,37.0,21.2,185.0,185.0,196.0,26.0,19.0,70.0,84.0,159.0,17.0,26.0,,,,,,,,,,,,,,,,
espn,5105839,Brice Sensabaugh,UTA,SG/SF,ACTIVE,140.5,0.0,3.6,72.0,21.6,963.0,209.0,122.0,50.0,7.0,108.0,340.0,742.0,138.0,166.0,145.0,389.0,75.0,23.51,1116.0,231.0,143.0,54.0,12.0,124.0,394.0,857.0,166.0,201.0,162.0,442.0
espn,2528210,Tim Hardaway Jr.,MIA,SG/SF,ACTIVE,140.1,0.1,3.5,80.0,26.9,1062.0,208.0,112.0,40.0,8.0,48.0,344.0,784.0,157.0,192.0,217.0,544.0,80.0,26.65,1079.0,206.0,108.0,42.0,10.0,43.0,348.0,779.0,159.0,196.0,224.0,550.0
espn,5082206,Brayden Burries,MIL,SG,ACTIVE,140.2,0.0,3.1,71.0,25.8,779.0,192.0,291.0,78.0,21.0,149.0,281.0,625.0,187.0,227.0,30.0,85.0,,,,,,,,,,,,,,
espn,4396909,Aaron Nesmith,IND,SG/SF,ACTIVE,140.6,0.0,3.0,64.0,28.2,836.0,262.0,96.0,51.0,32.0,64.0,294.0,621.0,114.0,134.0,134.0,326.0,45.0,29.64,621.0,187.0,86.0,26.0,23.0,63.0,212.0,512.0,92.0,111.0,105.0,277.0
espn,5149077,Kingston Flemings,ATL,PG/SG,ACTIVE,140.3,0.0,3.0,71.0,24.8,775.0,199.0,263.0,85.0,36.0,149.0,298.0,689.0,153.0,192.0,26.0,78.0,,,,,,,,,,,,,,
espn,6580,Bradley Beal,LAC,SG/SF,DAY_TO_DAY,140.5,0.0,2.9,62.0,25.3,841.0,180.0,205.0,50.0,25.0,105.0,324.0,645.0,100.0,124.0,93.0,229.0,6.0,20.17,49.0,5.0,10.0,3.0,0.0,9.0,18.0,48.0,6.0,8.0,7.0,19.0
espn,4397020,Luguentz Dort,ATL,SG/SF,ACTIVE,140.5,0.0,2.9,72.0,28.1,690.0,274.0,101.0,72.0,36.0,58.0,241.0,576.0,56.0,72.0,152.0,396.0,69.0,26.83,576.0,245.0,85.0,62.0,27.0,54.0,202.0,524.0,44.0,58.0,128.0,372.0
espn,4432810,Isaiah Stewart,MEM,PF/C,ACTIVE,140.4,0.1,2.8,69.0,24.7,713.0,393.0,97.0,21.0,117.0,83.0,272.0,497.0,120.0,159.0,49.0,145.0,58.0,22.66,581.0,290.0,66.0,16.0,93.0,67.0,221.0,402.0,99.0,131.0,40.0,120.0
espn,4065732,De'Andre Hunter,SAC,SF/PF,ACTIVE,140.5,0.0,2.8,65.0,27.6,1006.0,260.0,111.0,46.0,13.0,98.0,339.0,754.0,194.0,228.0,134.0,364.0,45.0,26.16,615.0,185.0,90.0,30.0,6.0,75.0,208.0,501.0,124.0,143.0,75.0,246.0
espn,5104155,Bilal Coulibaly,WAS,SG/SF,ACTIVE,140.5,0.0,2.8,68.0,24.0,697.0,265.0,156.0,82.0,54.0,95.0,246.0,578.0,137.0,184.0,68.0,218.0,56.0,26.23,657.0,243.0,145.0,75.0,54.0,81.0,230.0,541.0,132.0,177.0,65.0,204.0
espn,4278594,Naji Marshall,DAL,SF/PF,ACTIVE,140.5,0.0,2.7,70.0,24.2,801.0,287.0,182.0,63.0,7.0,91.0,302.0,602.0,141.0,182.0,56.0,182.0,74.0,29.5,1128.0,348.0,241.0,82.0,6.0,119.0,419.0,821.0,228.0,300.0,62.0,213.0
espn,5211175,Zaccharie Risacher,DAL,SF,ACTIVE,140.4,0.0,2.6,68.0,22.8,687.0,258.0,82.0,61.0,34.0,61.0,260.0,571.0,67.0,102.0,100.0,272.0,67.0,22.42,641.0,257.0,76.0,59.0,36.0,58.0,244.0,536.0,58.0,90.0,95.0,258.0
espn,3157465,Duncan Robinson,DET,SG/SF,ACTIVE,140.3,0.1,2.6,76.0,26.2,889.0,190.0,160.0,46.0,15.0,61.0,303.0,669.0,76.0,99.0,207.0,509.0,77.0,27.44,939.0,205.0,159.0,44.0,22.0,54.0,318.0,698.0,83.0,110.0,220.0,536.0
espn,4845374,Bub Carrington,WAS,PG/SG,ACTIVE,140.6,0.0,2.5,82.0,25.1,778.0,254.0,336.0,49.0,16.0,164.0,279.0,664.0,73.0,98.0,147.0,369.0,82.0,27.71,878.0,276.0,381.0,52.0,17.0,191.0,314.0,741.0,81.0,111.0,169.0,414.0
espn,5061589,Yves Missi,NOP,C,ACTIVE,140.7,0.0,2.5,67.0,25.1,505.0,503.0,107.0,27.0,121.0,67.0,212.0,389.0,81.0,141.0,,,66.0,19.62,377.0,385.0,84.0,20.0,101.0,54.0,160.0,294.0,57.0,102.0,0.0,1.0
espn,4431679,Precious Achiuwa,SAC,PF/C,ACTIVE,140.6,0.0,2.4,71.0,24.3,706.0,483.0,99.0,64.0,50.0,64.0,302.0,575.0,76.0,135.0,26.0,92.0,73.0,23.96,736.0,491.0,101.0,65.0,50.0,65.0,316.0,598.0,77.0,139.0,27.0,97.0
espn,4397183,Aaron Wiggins,ATL,SG/SF,ACTIVE,140.4,0,2.3,72.0,20.3,730.0,238.0,108.0,50.0,14.0,65.0,284.0,583.0,59.0,72.0,103.0,266.0,65.0,21.8,611.0,199.0,109.0,60.0,28.0,81.0,231.0,536.0,53.0,72.0,96.0,270.0
espn,4277813,Herbert Jones,NOP,SF/PF,ACTIVE,140.4,0.0,2.3,63.0,27.1,543.0,202.0,164.0,95.0,32.0,76.0,199.0,504.0,62.0,76.0,83.0,265.0,56.0,28.38,496.0,190.0,155.0,88.0,27.0,73.0,183.0,478.0,50.0,62.0,80.0,259.0
espn,4432823,Jaylin Williams,OKC,PF/C,ACTIVE,139.9,0.1,2.1,67.0,19.0,463.0,362.0,161.0,34.0,40.0,67.0,148.0,348.0,69.0,87.0,98.0,255.0,65.0,19.68,469.0,358.0,158.0,31.0,42.0,67.0,149.0,352.0,73.0,92.0,98.0,256.0
espn,4277869,Jose Alvarado,NYK,PG,ACTIVE,139.9,0.0,2.1,66.0,20.4,516.0,165.0,231.0,66.0,7.0,79.0,188.0,455.0,40.0,53.0,100.0,284.0,69.0,19.87,510.0,171.0,234.0,66.0,8.0,77.0,187.0,449.0,35.0,46.0,101.0,287.0
espn,4065804,Sam Hauser,BOS,SF/PF,ACTIVE,140.3,0.0,1.9,77.0,25.3,740.0,300.0,108.0,39.0,23.0,31.0,259.0,608.0,20.0,23.0,202.0,508.0,78.0,24.78,719.0,300.0,114.0,38.0,23.0,35.0,252.0,601.0,17.0,20.0,198.0,504.0
espn,5238230,Tre Johnson,WAS,SG,ACTIVE,140.3,0,1.9,68.0,25.3,875.0,204.0,143.0,41.0,20.0,109.0,325.0,775.0,89.0,102.0,136.0,381.0,60.0,23.97,733.0,170.0,122.0,33.0,18.0,93.0,271.0,647.0,76.0,87.0,115.0,321.0
espn,4997528,Nikola Jovic,MIA,PF,ACTIVE,139.7,0.0,1.8,71.0,22.9,687.0,298.0,199.0,50.0,28.0,121.0,233.0,604.0,125.0,178.0,96.0,327.0,47.0,17.23,344.0,153.0,102.0,26.0,17.0,65.0,115.0,314.0,69.0,101.0,45.0,167.0
espn,5106258,Gradey Dick,LAC,SG/SF,ACTIVE,139.9,0.0,1.7,72.0,25.8,809.0,245.0,94.0,72.0,14.0,79.0,285.0,684.0,132.0,151.0,107.0,338.0,76.0,14.04,455.0,147.0,51.0,45.0,7.0,42.0,161.0,384.0,77.0,88.0,56.0,186.0
espn,4432582,Max Christie,DAL,SG,ACTIVE,140.6,0.0,1.7,77.0,28.2,888.0,246.0,146.0,46.0,31.0,92.0,301.0,685.0,123.0,139.0,163.0,408.0,77.0,29.13,945.0,249.0,151.0,47.0,27.0,96.0,320.0,725.0,125.0,139.0,180.0,446.0
espn,4683747,Jaylon Tyson,CLE,SG/SF,ACTIVE,140.4,0.0,1.7,62.0,26.7,801.0,316.0,136.0,50.0,25.0,93.0,303.0,620.0,74.0,99.0,121.0,273.0,66.0,26.95,872.0,338.0,147.0,54.0,28.0,99.0,330.0,670.0,79.0,107.0,133.0,298.0
espn,2583632,Royce O'Neale,CHA,SF/PF,ACTIVE,140.6,0.0,1.7,76.0,24.5,644.0,319.0,175.0,68.0,30.0,84.0,223.0,532.0,22.0,30.0,176.0,433.0,78.0,28.37,765.0,372.0,208.0,84.0,32.0,103.0,263.0,625.0,27.0,38.0,212.0,520.0
espn,3213,Al Horford,GSW,PF/C,ACTIVE,140.2,0.0,1.7,56.0,25.4,487.0,325.0,134.0,34.0,56.0,45.0,180.0,398.0,29.0,34.0,98.0,258.0,45.0,21.58,372.0,219.0,116.0,30.0,51.0,42.0,138.0,324.0,22.0,26.0,74.0,205.0
espn,5281370,Hannes Steinbach,CHA,PF,ACTIVE,140.3,0.0,1.5,71.0,17.9,502.0,291.0,78.0,50.0,64.0,64.0,198.0,419.0,92.0,121.0,14.0,43.0,,,,,,,,,,,,,,
espn,4432241,Jamal Shead,TOR,PG,ACTIVE,140.6,0.0,1.5,81.0,23.3,573.0,146.0,446.0,81.0,16.0,122.0,199.0,535.0,89.0,113.0,86.0,267.0,82.0,22.52,545.0,143.0,444.0,76.0,15.0,112.0,185.0,504.0,91.0,116.0,84.0,262.0
espn,5105550,GG Jackson,MEM,PF,ACTIVE,140.5,0.0,1.4,69.0,23.0,912.0,311.0,104.0,41.0,55.0,110.0,337.0,697.0,148.0,200.0,90.0,269.0,55.0,21.42,686.0,235.0,81.0,31.0,44.0,85.0,255.0,514.0,112.0,151.0,64.0,193.0
espn,4576060,Ryan Kalkbrenner,CHA,C,ACTIVE,140.6,0.0,1.4,69.0,23.2,567.0,407.0,55.0,35.0,110.0,69.0,239.0,317.0,89.0,124.0,,7.0,69.0,21.45,521.0,377.0,54.0,32.0,101.0,62.0,219.0,291.0,83.0,116.0,0.0,5.0
espn,6585,Andre Drummond,NYK,C,ACTIVE,140.2,0.0,1.4,60.0,19.4,399.0,504.0,72.0,42.0,42.0,60.0,159.0,330.0,56.0,90.0,25.0,72.0,63.0,19.6,403.0,532.0,80.0,38.0,49.0,61.0,159.0,337.0,53.0,84.0,32.0,90.0
espn,4066436,De'Anthony Melton,GSW,PG/SG,ACTIVE,140.5,0.0,1.4,65.0,23.1,790.0,208.0,169.0,104.0,26.0,117.0,282.0,696.0,129.0,156.0,97.0,325.0,49.0,23.0,602.0,158.0,125.0,77.0,20.0,91.0,215.0,528.0,100.0,121.0,72.0,245.0
espn,4066211,Robert Williams III,POR,C,ACTIVE,140.4,0.0,1.4,59.0,20.0,444.0,460.0,71.0,41.0,100.0,59.0,196.0,283.0,43.0,65.0,9.0,24.0,59.0,17.1,397.0,414.0,60.0,35.0,87.0,49.0,177.0,250.0,34.0,57.0,9.0,23.0
espn,2990992,Marcus Smart,HOU,PG/SG,ACTIVE,140.2,0.0,1.4,62.0,24.4,569.0,149.0,186.0,81.0,19.0,99.0,189.0,471.0,99.0,124.0,92.0,279.0,62.0,28.53,579.0,172.0,186.0,87.0,23.0,92.0,188.0,476.0,106.0,129.0,97.0,293.0
espn,3064560,Luke Kornet,SAS,C,ACTIVE,140.1,0,1.3,71.0,15.6,354.0,312.0,92.0,28.0,57.0,21.0,146.0,220.0,62.0,78.0,,,68.0,21.0,444.0,414.0,126.0,32.0,65.0,28.0,175.0,272.0,94.0,114.0,0.0,0.0
espn,4066372,Kevin Huerter,DET,SG/SF,ACTIVE,140.5,0.0,1.3,69.0,23.6,712.0,242.0,179.0,62.0,35.0,76.0,275.0,614.0,53.0,69.0,109.0,345.0,69.0,22.49,693.0,240.0,178.0,63.0,33.0,72.0,269.0,596.0,55.0,71.0,100.0,325.0
espn,4431823,Miles McBride,NYK,PG/SG,ACTIVE,140.2,0,1.2,65.0,22.2,631.0,137.0,143.0,52.0,13.0,39.0,222.0,527.0,47.0,59.0,140.0,345.0,41.0,26.34,491.0,100.0,106.0,35.0,9.0,33.0,171.0,404.0,37.0,47.0,112.0,271.0
espn,4395702,Isaiah Joe,DET,SG,ACTIVE,140.5,0.0,1.2,72.0,21.1,774.0,180.0,101.0,50.0,14.0,43.0,248.0,547.0,96.0,108.0,182.0,432.0,71.0,21.21,785.0,181.0,94.0,50.0,11.0,45.0,247.0,543.0,110.0,123.0,181.0,428.0
espn,2990984,Buddy Hield,CHI,SG/SF,ACTIVE,140.0,0.0,1.2,62.0,18.2,541.0,155.0,93.0,50.0,12.0,62.0,198.0,459.0,36.0,43.0,109.0,304.0,51.0,16.08,390.0,116.0,71.0,39.0,9.0,48.0,143.0,327.0,30.0,37.0,74.0,212.0
espn,5164559,Nate Ament,MIL,SF,ACTIVE,140.0,0,1.2,70.0,17.7,396.0,252.0,49.0,49.0,56.0,77.0,162.0,378.0,59.0,84.0,13.0,42.0,,,,,,,,,,,,,,
espn,3135046,Tyus Jones,DEN,PG,ACTIVE,140.1,0.0,1.2,69.0,17.5,324.0,97.0,214.0,41.0,7.0,35.0,123.0,311.0,17.0,21.0,61.0,179.0,67.0,14.64,199.0,76.0,159.0,37.0,3.0,25.0,76.0,218.0,7.0,9.0,40.0,137.0
espn,5107173,Danny Wolf,BKN,PF/C,ACTIVE,140.4,0.0,1.2,71.0,24.1,730.0,405.0,185.0,43.0,43.0,107.0,256.0,632.0,120.0,156.0,98.0,305.0,57.0,20.91,508.0,281.0,127.0,30.0,32.0,73.0,178.0,440.0,84.0,109.0,68.0,211.0
espn,4702384,Nique Clifford,SAC,SG/SF,ACTIVE,140.4,0.0,1.2,72.0,27.4,679.0,295.0,187.0,72.0,22.0,122.0,262.0,626.0,73.0,101.0,82.0,245.0,75.0,25.09,645.0,282.0,179.0,68.0,24.0,116.0,249.0,596.0,70.0,97.0,77.0,231.0
espn,2528426,Jordan Clarkson,NYK,SG/SF,ACTIVE,140.0,0.0,1.1,66.0,19.0,633.0,132.0,112.0,33.0,7.0,73.0,236.0,535.0,87.0,106.0,74.0,224.0,72.0,17.79,622.0,127.0,96.0,30.0,9.0,63.0,237.0,526.0,78.0,94.0,70.0,214.0
espn,3913174,Luke Kennard,PHX,SG,ACTIVE,140.3,0.0,1.1,74.0,21.8,632.0,178.0,178.0,52.0,7.0,59.0,228.0,437.0,61.0,67.0,115.0,244.0,78.0,21.56,652.0,182.0,174.0,55.0,8.0,60.0,236.0,443.0,63.0,69.0,117.0,245.0
espn,6578,Harrison Barnes,SAS,SF/PF,ACTIVE,140.2,0,1.1,80.0,20.5,692.0,192.0,96.0,40.0,8.0,40.0,238.0,496.0,104.0,128.0,112.0,280.0,77.0,25.83,767.0,214.0,148.0,50.0,12.0,61.0,263.0,576.0,102.0,123.0,139.0,358.0
espn,4997536,Gui Santos,GSW,SF,ACTIVE,140.4,0.0,1.1,66.0,23.9,488.0,356.0,158.0,53.0,20.0,86.0,175.0,376.0,67.0,92.0,71.0,211.0,68.0,20.56,625.0,266.0,159.0,61.0,22.0,102.0,230.0,460.0,87.0,120.0,78.0,222.0
espn,4896372,Walter Clayton Jr.,MEM,PG/SG,ACTIVE,140.5,0.0,1.0,71.0,25.1,683.0,178.0,355.0,57.0,21.0,149.0,224.0,582.0,141.0,156.0,94.0,305.0,69.0,20.45,538.0,139.0,279.0,44.0,19.0,116.0,177.0,461.0,109.0,121.0,75.0,244.0
espn,4065778,Max Strus,LAC,SF,ACTIVE,140.4,0.0,1.0,67.0,25.9,660.0,268.0,214.0,47.0,20.0,80.0,235.0,556.0,53.0,67.0,137.0,382.0,12.0,24.0,134.0,65.0,24.0,3.0,0.0,9.0,47.0,106.0,7.0,9.0,33.0,82.0
espn,2581018,Kentavious Caldwell-Pope,PHI,SG/SF,ACTIVE,140.1,0.1,1.0,68.0,23.6,526.0,136.0,129.0,68.0,20.0,54.0,185.0,422.0,73.0,82.0,83.0,231.0,51.0,21.25,428.0,125.0,139.0,43.0,8.0,61.0,150.0,366.0,73.0,80.0,55.0,174.0
espn,5112087,Jaylen Wells,MEM,SG/SF,ACTIVE,140.4,0,1.0,71.0,25.0,822.0,220.0,107.0,57.0,7.0,71.0,287.0,667.0,123.0,156.0,125.0,355.0,69.0,26.39,865.0,220.0,111.0,61.0,9.0,74.0,301.0,698.0,134.0,171.0,129.0,365.0
espn,4278562,Paul Reed,DET,PF/C,ACTIVE,140.2,0.0,1.0,63.0,13.8,468.0,277.0,76.0,57.0,57.0,57.0,194.0,321.0,68.0,101.0,12.0,38.0,65.0,13.83,504.0,294.0,80.0,57.0,60.0,58.0,209.0,339.0,73.0,110.0,13.0,40.0
espn,4397189,Jalen Smith,CHI,PF/C,ACTIVE,140.3,0.0,0.9,66.0,19.5,646.0,422.0,79.0,26.0,53.0,59.0,234.0,482.0,84.0,112.0,94.0,257.0,53.0,20.64,541.0,355.0,65.0,24.0,42.0,53.0,195.0,404.0,69.0,93.0,82.0,220.0
espn,2991043,Caris LeVert,MIL,SG/SF,ACTIVE,140.1,0,0.9,61.0,20.7,521.0,140.0,177.0,55.0,37.0,85.0,190.0,445.0,72.0,104.0,69.0,201.0,60.0,19.23,443.0,117.0,159.0,51.0,41.0,82.0,163.0,391.0,57.0,84.0,60.0,180.0
espn,4702177,Keon Ellis,BKN,SG/SF,ACTIVE,140.3,0.0,0.9,72.0,21.0,502.0,144.0,79.0,86.0,50.0,43.0,175.0,389.0,54.0,72.0,98.0,259.0,72.0,20.5,480.0,135.0,72.0,83.0,46.0,41.0,169.0,384.0,51.0,70.0,91.0,251.0
espn,5175647,Hugo Gonzalez,BOS,SF,ACTIVE,140.0,0.0,0.9,74.0,21.7,427.0,363.0,59.0,59.0,30.0,59.0,173.0,363.0,19.0,37.0,62.0,170.0,74.0,14.64,289.0,246.0,40.0,42.0,21.0,38.0,117.0,246.0,13.0,26.0,42.0,116.0
espn,6609,Khris Middleton,WAS,SF/PF,ACTIVE,140.1,0,0.8,53.0,20.3,535.0,180.0,170.0,37.0,11.0,85.0,197.0,429.0,82.0,95.0,59.0,159.0,63.0,22.83,640.0,231.0,176.0,41.0,9.0,108.0,227.0,540.0,119.0,136.0,67.0,186.0
espn,2991139,Kris Dunn,LAC,PG/SG,ACTIVE,140.5,0.0,0.8,75.0,22.0,449.0,218.0,233.0,105.0,23.0,83.0,177.0,383.0,33.0,45.0,62.0,173.0,82.0,27.22,596.0,271.0,295.0,131.0,14.0,111.0,227.0,477.0,62.0,81.0,80.0,214.0
espn,4684275,Rob Dillingham,FA,PG,DAY_TO_DAY,139.9,0.0,0.8,68.0,20.5,585.0,184.0,211.0,68.0,7.0,143.0,235.0,592.0,55.0,75.0,60.0,190.0,65.0,14.91,409.0,131.0,143.0,47.0,6.0,100.0,163.0,412.0,41.0,55.0,42.0,133.0
espn,5217746,Yang Hansen,POR,C,ACTIVE,140.0,0,0.8,65.0,12.7,259.0,182.0,59.0,7.0,26.0,91.0,85.0,273.0,75.0,91.0,14.0,117.0,43.0,7.0,95.0,66.0,22.0,3.0,10.0,32.0,31.0,100.0,28.0,34.0,5.0,42.0
espn,4397475,AJ Green,MIL,SG,ACTIVE,140.1,0.0,0.8,76.0,25.4,685.0,182.0,129.0,38.0,8.0,61.0,223.0,524.0,45.0,53.0,194.0,464.0,78.0,29.14,809.0,213.0,152.0,39.0,8.0,75.0,262.0,618.0,53.0,62.0,232.0,554.0
espn,5214640,Kasparas Jakucionis,MIL,PG,ACTIVE,140.3,0,0.8,68.0,22.6,534.0,224.0,224.0,54.0,14.0,82.0,166.0,388.0,96.0,109.0,106.0,252.0,53.0,17.91,328.0,138.0,137.0,33.0,7.0,50.0,102.0,238.0,58.0,66.0,66.0,156.0
espn,4683771,Ronald Holland II,DET,SF/PF,ACTIVE,140.3,0,0.7,79.0,18.5,604.0,284.0,95.0,79.0,24.0,87.0,223.0,506.0,113.0,142.0,45.0,182.0,78.0,19.79,640.0,315.0,95.0,92.0,27.0,96.0,235.0,544.0,120.0,149.0,50.0,198.0
espn,3936099,Derrick Jones Jr.,LAC,SF/PF,ACTIVE,140.4,0.0,0.7,68.0,25.4,660.0,231.0,75.0,61.0,54.0,54.0,249.0,496.0,90.0,122.0,72.0,204.0,50.0,26.94,504.0,173.0,69.0,45.0,50.0,40.0,189.0,379.0,71.0,93.0,55.0,153.0
espn,4277848,Marvin Bagley III,DEN,PF/C,ACTIVE,140.3,0,0.7,61.0,19.1,607.0,354.0,79.0,24.0,43.0,61.0,246.0,403.0,93.0,140.0,22.0,49.0,60.0,20.05,627.0,366.0,85.0,28.0,43.0,61.0,254.0,411.0,95.0,144.0,24.0,52.0
espn,3912848,Dean Wade,PHI,PF,ACTIVE,139.9,0.2,0.7,58.0,21.5,322.0,238.0,70.0,41.0,23.0,17.0,111.0,261.0,23.0,35.0,77.0,209.0,59.0,22.39,342.0,247.0,88.0,44.0,23.0,16.0,122.0,278.0,27.0,38.0,71.0,196.0
espn,5106060,Jarace Walker,IND,SF/PF,ACTIVE,140.1,0,0.7,63.0,18.6,486.0,227.0,113.0,44.0,19.0,76.0,173.0,397.0,64.0,88.0,76.0,195.0,76.0,25.74,884.0,391.0,192.0,63.0,26.0,139.0,307.0,733.0,137.0,183.0,133.0,356.0
espn,4432170,Isaiah Jackson,LAC,PF/C,ACTIVE,140.3,0,0.7,67.0,18.4,506.0,395.0,74.0,47.0,67.0,80.0,205.0,322.0,96.0,147.0,,7.0,55.0,16.51,370.0,290.0,52.0,36.0,49.0,58.0,151.0,237.0,68.0,105.0,0.0,3.0
espn,3102529,Clint Capela,HOU,C,ACTIVE,140.3,0,0.7,62.0,16.8,411.0,415.0,56.0,31.0,56.0,43.0,176.0,316.0,59.0,99.0,,,75.0,12.33,282.0,345.0,50.0,36.0,63.0,41.0,118.0,227.0,45.0,78.0,1.0,2.0
espn,4593841,Baylor Scheierman,BOS,SG,ACTIVE,140.4,0.0,0.6,72.0,25.1,541.0,338.0,144.0,58.0,7.0,58.0,190.0,425.0,39.0,43.0,122.0,310.0,77.0,18.62,427.0,269.0,116.0,42.0,6.0,46.0,151.0,333.0,28.0,31.0,97.0,243.0
espn,4610139,Jeremy Sochan,POR,PF,ACTIVE,140.3,0,0.6,66.0,21.3,564.0,323.0,145.0,46.0,26.0,86.0,227.0,475.0,73.0,99.0,37.0,125.0,44.0,10.68,158.0,107.0,40.0,17.0,7.0,21.0,64.0,129.0,19.0,26.0,11.0,45.0
espn,4432171,Moses Moody,GSW,SG/SF,OUT,140.0,0,0.6,12.0,24.7,139.0,38.0,18.0,11.0,6.0,11.0,47.0,107.0,17.0,22.0,28.0,70.0,60.0,25.68,728.0,200.0,98.0,58.0,34.0,57.0,245.0,557.0,87.0,113.0,151.0,377.0
espn,4066757,Sam Merrill,CLE,SG,ACTIVE,140.3,0,0.6,62.0,23.0,657.0,143.0,124.0,37.0,6.0,43.0,221.0,490.0,54.0,62.0,161.0,391.0,52.0,26.48,663.0,133.0,125.0,33.0,7.0,42.0,223.0,484.0,59.0,69.0,158.0,375.0
espn,3195,Mike Conley,BOS,PG,ACTIVE,140.0,0,0.6,55.0,17.6,271.0,94.0,165.0,39.0,11.0,39.0,83.0,226.0,45.0,50.0,60.0,165.0,54.0,18.41,245.0,93.0,157.0,35.0,14.0,34.0,72.0,215.0,45.0,50.0,56.0,166.0
espn,5105637,Adem Bona,PHI,C,DAY_TO_DAY,140.0,0.2,0.6,69.0,17.2,340.0,297.0,35.0,28.0,83.0,55.0,130.0,214.0,78.0,110.0,2.0,7.0,71.0,17.39,344.0,307.0,32.0,30.0,82.0,56.0,131.0,220.0,80.0,113.0,2.0,6.0
espn,3914044,Landry Shamet,NYK,SG,ACTIVE,139.9,0.0,0.6,67.0,20.8,562.0,107.0,80.0,40.0,13.0,40.0,192.0,436.0,58.0,80.0,120.0,308.0,51.0,23.0,475.0,92.0,72.0,31.0,9.0,30.0,159.0,364.0,54.0,76.0,103.0,263.0
espn,4684272,Ja'Kobe Walter,TOR,SG,ACTIVE,140.2,0,0.6,69.0,21.6,554.0,193.0,90.0,69.0,14.0,41.0,185.0,421.0,76.0,97.0,108.0,269.0,72.0,20.44,541.0,185.0,86.0,73.0,14.0,37.0,180.0,404.0,71.0,90.0,110.0,269.0
espn,4702382,Tristan da Silva,ORL,SF/PF,ACTIVE,140.3,0,0.6,77.0,21.4,642.0,246.0,108.0,54.0,23.0,62.0,236.0,531.0,68.0,77.0,102.0,277.0,77.0,24.69,762.0,284.0,124.0,68.0,25.0,69.0,279.0,620.0,84.0,95.0,120.0,321.0
espn,4432847,Terrence Shannon Jr.,MIN,SG,ACTIVE,140.1,0,0.6,69.0,20.7,637.0,138.0,104.0,35.0,7.0,62.0,206.0,455.0,144.0,179.0,81.0,200.0,43.0,12.42,241.0,49.0,38.0,14.0,1.0,24.0,77.0,171.0,56.0,70.0,31.0,76.0
espn,4683689,Jordan Walsh,BOS,SF,ACTIVE,140.2,0,0.6,71.0,21.5,451.0,341.0,71.0,64.0,43.0,43.0,168.0,334.0,54.0,71.0,61.0,163.0,68.0,17.85,364.0,272.0,54.0,49.0,31.0,35.0,136.0,267.0,44.0,57.0,48.0,125.0
espn,4888725,Ryan Dunn,PHX,SF/PF,ACTIVE,140.4,0,0.6,71.0,22.6,500.0,341.0,114.0,71.0,36.0,64.0,201.0,447.0,28.0,57.0,70.0,213.0,70.0,19.37,407.0,297.0,102.0,60.0,29.0,56.0,164.0,362.0,23.0,47.0,56.0,169.0
espn,4592492,Bones Hyland,MIN,PG,ACTIVE,140.0,0,0.6,62.0,16.2,517.0,105.0,161.0,37.0,12.0,62.0,181.0,403.0,54.0,68.0,101.0,260.0,71.0,16.61,604.0,127.0,188.0,44.0,17.0,70.0,212.0,468.0,64.0,82.0,116.0,299.0
espn,5279130,Nolan Traore,BKN,PG,ACTIVE,140.4,0,0.5,71.0,25.0,712.0,142.0,305.0,64.0,36.0,185.0,259.0,682.0,106.0,135.0,88.0,277.0,56.0,22.25,499.0,99.0,213.0,45.0,23.0,129.0,182.0,479.0,74.0,94.0,61.0,192.0
espn,4897943,Dalton Knecht,LAL,SG/SF,ACTIVE,140.0,0,0.5,66.0,12.0,342.0,112.0,33.0,13.0,13.0,26.0,130.0,284.0,24.0,33.0,58.0,165.0,54.0,10.22,228.0,75.0,21.0,11.0,11.0,23.0,87.0,191.0,16.0,22.0,38.0,111.0
espn,4712896,Noah Clowney,BKN,PF,ACTIVE,140.1,0,0.5,69.0,19.6,607.0,214.0,76.0,35.0,35.0,76.0,188.0,476.0,133.0,166.0,98.0,297.0,66.0,27.0,809.0,273.0,108.0,50.0,45.0,102.0,250.0,631.0,180.0,224.0,129.0,392.0
espn,3037789,Bogdan Bogdanovic,HOU,SG/SF,ACTIVE,140.1,0,0.5,65.0,17.6,569.0,137.0,124.0,39.0,13.0,59.0,201.0,475.0,64.0,72.0,103.0,280.0,23.0,19.7,171.0,59.0,51.0,10.0,3.0,27.0,59.0,152.0,20.0,25.0,33.0,95.0
espn,4277843,Gary Trent Jr.,MIL,SG/SF,ACTIVE,140.0,0,0.5,67.0,22.3,598.0,87.0,80.0,40.0,7.0,40.0,208.0,523.0,47.0,60.0,135.0,362.0,65.0,21.18,529.0,67.0,79.0,34.0,3.0,41.0,183.0,473.0,40.0,52.0,123.0,342.0
espn,3907498,Matisse Thybulle,LAL,SF,ACTIVE,140.0,0,0.5,59.0,19.1,346.0,130.0,71.0,112.0,35.0,47.0,120.0,283.0,32.0,41.0,74.0,195.0,30.0,16.03,174.0,59.0,27.0,60.0,16.0,28.0,58.0,134.0,21.0,25.0,37.0,93.0
espn,4433137,Ziaire Williams,LAL,SG/SF,ACTIVE,140.4,0,0.5,65.0,23.0,658.0,182.0,72.0,85.0,26.0,72.0,213.0,507.0,132.0,156.0,100.0,293.0,56.0,22.86,573.0,134.0,60.0,76.0,21.0,59.0,184.0,433.0,119.0,140.0,86.0,251.0
espn,3907823,Terance Mann,BKN,SG/SF,ACTIVE,140.3,0,0.4,71.0,23.8,520.0,220.0,192.0,50.0,14.0,71.0,196.0,419.0,66.0,85.0,62.0,170.0,63.0,24.3,455.0,200.0,190.0,41.0,15.0,71.0,168.0,367.0,63.0,80.0,56.0,153.0
espn,2991235,Steven Adams,HOU,C,ACTIVE,140.0,0,0.4,63.0,12.0,204.0,296.0,57.0,19.0,25.0,44.0,79.0,151.0,46.0,88.0,,,32.0,22.81,187.0,276.0,48.0,22.0,20.0,35.0,70.0,139.0,47.0,81.0,0.0,0.0
espn,3155535,Kevon Looney,LAL,C,ACTIVE,140.0,0.0,0.4,65.0,15.4,275.0,377.0,111.0,33.0,26.0,39.0,115.0,215.0,44.0,72.0,1.0,7.0,21.0,14.62,59.0,118.0,34.0,9.0,10.0,9.0,25.0,60.0,7.0,10.0,2.0,13.0
espn,3150844,Moritz Wagner,BKN,C,ACTIVE,140.0,0,0.4,62.0,13.3,498.0,217.0,56.0,31.0,6.0,43.0,172.0,366.0,114.0,143.0,40.0,124.0,36.0,11.86,247.0,115.0,27.0,15.0,2.0,19.0,83.0,195.0,59.0,72.0,22.0,70.0
espn,4348700,Goga Bitadze,ORL,C,ACTIVE,140.1,0,0.4,65.0,13.3,327.0,280.0,78.0,33.0,59.0,39.0,133.0,202.0,59.0,85.0,2.0,13.0,64.0,15.16,375.0,320.0,84.0,37.0,61.0,43.0,152.0,225.0,69.0,97.0,2.0,11.0
espn,4578893,Vit Krejci,POR,PG,ACTIVE,140.4,0.0,0.4,65.0,25.7,566.0,215.0,202.0,52.0,33.0,72.0,200.0,403.0,42.0,59.0,124.0,286.0,65.0,21.37,550.0,148.0,100.0,47.0,18.0,41.0,192.0,429.0,38.0,51.0,128.0,328.0
espn,4397077,Jaxson Hayes,UTA,C,ACTIVE,140.0,0,0.3,64.0,16.8,406.0,250.0,51.0,32.0,45.0,38.0,165.0,224.0,74.0,115.0,2.0,6.0,66.0,18.32,497.0,271.0,59.0,29.0,52.0,31.0,198.0,262.0,98.0,150.0,3.0,3.0
espn,2993874,Kyle Anderson,TOR,SF/PF,DAY_TO_DAY,140.1,0.0,0.3,62.0,17.7,338.0,192.0,180.0,50.0,31.0,50.0,134.0,279.0,58.0,81.0,12.0,37.0,43.0,19.88,266.0,150.0,126.0,45.0,26.0,39.0,107.0,202.0,48.0,68.0,4.0,11.0
espn,4873201,Asa Newell,ATL,PF,ACTIVE,140.1,0,0.3,66.0,14.1,417.0,178.0,46.0,26.0,26.0,40.0,167.0,310.0,29.0,53.0,54.0,139.0,44.0,11.41,227.0,96.0,26.0,16.0,15.0,23.0,91.0,169.0,16.0,29.0,29.0,75.0
espn,4280151,Corey Kispert,ATL,SG/SF,ACTIVE,140.1,0,0.3,65.0,20.3,641.0,156.0,104.0,20.0,13.0,52.0,224.0,481.0,88.0,111.0,105.0,286.0,58.0,18.66,532.0,132.0,92.0,16.0,9.0,45.0,184.0,394.0,77.0,97.0,87.0,237.0
espn,4895758,Cody Williams,MIN,SG,ACTIVE,140.1,0,0.3,64.0,22.8,507.0,173.0,122.0,45.0,26.0,64.0,204.0,448.0,72.0,102.0,27.0,122.0,67.0,24.31,588.0,198.0,137.0,51.0,26.0,73.0,238.0,509.0,84.0,119.0,28.0,131.0
espn,4432247,Jaylen Clark,MIN,SG,ACTIVE,140.1,0.0,0.3,68.0,13.1,275.0,116.0,41.0,48.0,7.0,20.0,98.0,224.0,45.0,68.0,34.0,102.0,68.0,13.07,275.0,120.0,43.0,47.0,9.0,23.0,99.0,228.0,44.0,67.0,33.0,101.0
espn,4431684,Trayce Jackson-Davis,TOR,PF,ACTIVE,140.2,0.0,0.3,65.0,15.9,444.0,319.0,91.0,26.0,52.0,46.0,188.0,299.0,68.0,124.0,,,53.0,9.42,181.0,145.0,39.0,17.0,24.0,23.0,71.0,124.0,38.0,74.0,1.0,1.0
espn,2990962,Taurean Prince,DET,SF,ACTIVE,140.0,0,0.3,62.0,16.4,360.0,130.0,74.0,31.0,12.0,43.0,129.0,285.0,16.0,19.0,86.0,198.0,26.0,23.58,239.0,81.0,46.0,16.0,6.0,31.0,86.0,191.0,6.0,6.0,61.0,140.0
espn,4066218,Grant Williams,CHA,PF,DAY_TO_DAY,140.1,0,0.3,63.0,19.4,434.0,233.0,95.0,32.0,32.0,57.0,139.0,321.0,71.0,88.0,85.0,221.0,36.0,19.81,252.0,142.0,56.0,17.0,18.0,31.0,78.0,183.0,44.0,54.0,52.0,134.0
espn,5242496,Noa Essengue,CHI,PF,ACTIVE,140.0,0,0.3,64.0,7.9,,,,83.0,,,,256.0,,,,166.0,2.0,3.0,0.0,0.0,0.0,1.0,0.0,0.0,0.0,3.0,0.0,0.0,0.0,2.0
espn,4278077,Jarred Vanderbilt,LAL,SF/PF,ACTIVE,140.0,0,0.3,62.0,17.6,282.0,291.0,74.0,62.0,19.0,56.0,111.0,229.0,37.0,62.0,23.0,81.0,65.0,17.35,288.0,292.0,84.0,55.0,19.0,56.0,113.0,240.0,33.0,56.0,29.0,99.0
espn,5289900,Mohamed Diawara,NYK,PF,DAY_TO_DAY,140.0,0,0.3,69.0,9.2,244.0,97.0,55.0,14.0,7.0,28.0,90.0,214.0,16.0,21.0,48.0,131.0,69.0,9.2,246.0,94.0,53.0,17.0,6.0,30.0,90.0,213.0,18.0,24.0,48.0,130.0
espn,4431687,Patrick Williams,CHI,PF,ACTIVE,140.0,0,0.2,72.0,20.0,496.0,209.0,101.0,50.0,29.0,72.0,177.0,468.0,52.0,72.0,90.0,259.0,72.0,20.5,505.0,215.0,105.0,49.0,26.0,75.0,178.0,478.0,54.0,75.0,95.0,274.0
espn,4432181,Julian Strawther,DEN,SF,ACTIVE,140.1,0,0.2,66.0,16.0,492.0,132.0,73.0,33.0,7.0,46.0,178.0,389.0,64.0,79.0,72.0,191.0,57.0,15.11,413.0,114.0,61.0,25.0,6.0,36.0,149.0,319.0,57.0,70.0,58.0,150.0
espn,4432819,Tre Mann,WAS,PG/SG,ACTIVE,140.0,0,0.2,67.0,16.3,484.0,147.0,141.0,40.0,7.0,87.0,182.0,489.0,40.0,47.0,80.0,241.0,53.0,12.64,291.0,92.0,86.0,25.0,5.0,54.0,109.0,303.0,23.0,27.0,50.0,155.0
espn,3899664,Simone Fontecchio,MIA,SF,ACTIVE,140.0,0,0.2,71.0,17.1,582.0,213.0,99.0,36.0,7.0,50.0,191.0,462.0,84.0,99.0,116.0,312.0,70.0,16.81,597.0,211.0,101.0,37.0,9.0,49.0,194.0,471.0,86.0,102.0,123.0,328.0
espn,4595400,Olivier-Maxence Prosper,MEM,PF,ACTIVE,140.1,0,0.2,64.0,17.1,568.0,211.0,58.0,45.0,13.0,51.0,205.0,384.0,95.0,128.0,63.0,160.0,53.0,18.55,530.0,187.0,51.0,40.0,13.0,47.0,192.0,350.0,86.0,114.0,60.0,148.0
espn,2580365,Larry Nance Jr.,IND,PF,DAY_TO_DAY,140.1,0,0.2,62.0,17.8,366.0,260.0,93.0,50.0,19.0,43.0,145.0,279.0,31.0,43.0,45.0,112.0,35.0,12.86,131.0,93.0,34.0,21.0,6.0,20.0,52.0,124.0,6.0,13.0,21.0,63.0
espn,5157066,Johnny Furphy,IND,SG,OUT,140.1,0,0.2,61.0,16.1,277.0,232.0,61.0,31.0,12.0,43.0,107.0,232.0,28.0,55.0,35.0,110.0,35.0,18.29,180.0,153.0,41.0,20.0,7.0,29.0,70.0,149.0,17.0,35.0,23.0,71.0
espn,3934723,Thomas Bryant,CLE,C,ACTIVE,140.0,0,0.2,68.0,12.6,421.0,238.0,41.0,20.0,34.0,34.0,155.0,306.0,61.0,75.0,50.0,143.0,60.0,12.23,370.0,205.0,33.0,18.0,26.0,28.0,135.0,267.0,53.0,66.0,47.0,131.0
espn,5211983,Pacome Dadiet,NYK,SF,ACTIVE,140.0,0,0.2,58.0,9.0,179.0,99.0,41.0,12.0,6.0,12.0,60.0,180.0,33.0,41.0,26.0,116.0,29.0,4.76,48.0,27.0,12.0,3.0,1.0,3.0,16.0,48.0,9.0,11.0,7.0,32.0
espn,4431752,Kobe Brown,IND,PF,ACTIVE,140.0,0,0.2,62.0,10.8,212.0,130.0,56.0,19.0,6.0,31.0,82.0,180.0,19.0,25.0,29.0,87.0,61.0,15.77,353.0,185.0,80.0,23.0,12.0,53.0,127.0,271.0,47.0,59.0,52.0,139.0
espn,3138160,Caleb Martin,DAL,SG,ACTIVE,140.1,0,0.2,67.0,17.0,317.0,181.0,101.0,47.0,20.0,54.0,118.0,268.0,50.0,80.0,31.0,87.0,58.0,14.83,227.0,143.0,81.0,40.0,15.0,40.0,85.0,189.0,37.0,61.0,20.0,57.0
espn,5239561,Jase Richardson,ORL,SG,ACTIVE,140.1,0,0.2,54.0,10.9,242.0,65.0,59.0,22.0,,27.0,89.0,189.0,35.0,49.0,29.0,81.0,54.0,10.91,239.0,63.0,58.0,19.0,2.0,25.0,89.0,188.0,33.0,46.0,28.0,79.0
espn,5239590,Liam McNeeley,CHA,SF,ACTIVE,140.1,0,0.2,64.0,19.5,454.0,250.0,83.0,19.0,13.0,45.0,131.0,326.0,110.0,134.0,82.0,205.0,31.0,11.81,132.0,73.0,24.0,5.0,3.0,13.0,38.0,95.0,32.0,39.0,24.0,60.0
espn,4432822,Isaac Okoro,CHI,SG/SF,ACTIVE,140.1,0,0.2,68.0,21.6,502.0,156.0,88.0,41.0,27.0,41.0,182.0,394.0,74.0,95.0,64.0,190.0,63.0,26.94,584.0,173.0,100.0,46.0,29.0,46.0,211.0,459.0,89.0,112.0,73.0,221.0
espn,5044385,Leonard Miller,CHI,SF,ACTIVE,140.1,0,0.2,62.0,13.6,426.0,211.0,50.0,19.0,19.0,43.0,171.0,310.0,46.0,62.0,38.0,118.0,46.0,15.67,361.0,181.0,40.0,17.0,15.0,36.0,145.0,262.0,39.0,53.0,32.0,99.0
espn,3136196,Trey Lyles,MIN,PF,ACTIVE,140.0,0,0.2,64.0,19.7,441.0,288.0,77.0,32.0,19.0,38.0,152.0,352.0,54.0,77.0,83.0,230.0,,,,,,,,,,,,,,
espn,4431714,Jalen Wilson,ATL,PF,ACTIVE,140.0,0,0.2,63.0,18.0,438.0,151.0,69.0,25.0,,50.0,143.0,359.0,84.0,113.0,68.0,195.0,54.0,15.94,343.0,114.0,50.0,22.0,2.0,38.0,110.0,278.0,69.0,96.0,54.0,152.0
espn,3133626,Kenrich Williams,OKC,SF,ACTIVE,140.1,0,0.2,65.0,15.4,411.0,215.0,91.0,39.0,7.0,46.0,160.0,338.0,33.0,52.0,58.0,150.0,56.0,15.25,363.0,187.0,79.0,31.0,5.0,43.0,140.0,296.0,33.0,52.0,50.0,129.0
espn,4432811,Josh Green,UTA,SG,ACTIVE,140.0,0,0.2,59.0,18.3,294.0,118.0,59.0,41.0,6.0,41.0,101.0,224.0,29.0,35.0,63.0,153.0,58.0,15.66,249.0,102.0,47.0,35.0,6.0,35.0,83.0,181.0,25.0,28.0,58.0,138.0
espn,4997537,Tristan Vukcevic,WAS,PF,OUT,140.1,0,0.2,61.0,13.8,549.0,189.0,67.0,31.0,43.0,79.0,191.0,397.0,105.0,134.0,62.0,177.0,49.0,13.67,441.0,147.0,55.0,23.0,33.0,62.0,152.0,317.0,87.0,111.0,50.0,144.0
espn,4433076,Ben Sheppard,IND,SG/SF,ACTIVE,140.1,0.0,0.2,62.0,18.7,348.0,155.0,87.0,37.0,6.0,25.0,127.0,304.0,26.0,31.0,68.0,198.0,65.0,21.4,459.0,195.0,114.0,39.0,6.0,41.0,168.0,387.0,39.0,51.0,84.0,232.0
espn,4277922,Jericho Sims,MIL,C,ACTIVE,140.0,0,0.2,64.0,18.5,284.0,333.0,90.0,19.0,19.0,64.0,124.0,160.0,36.0,58.0,,,67.0,19.69,334.0,370.0,104.0,19.0,17.0,75.0,145.0,185.0,44.0,71.0,0.0,0.0
espn,5099752,Rayan Rupert,PHI,SG,ACTIVE,140.1,0,0.2,61.0,15.7,297.0,165.0,61.0,49.0,6.0,49.0,110.0,281.0,38.0,49.0,39.0,122.0,64.0,16.75,332.0,188.0,68.0,55.0,9.0,55.0,123.0,313.0,42.0,54.0,44.0,136.0
espn,5107897,Jonathan Mogbo,SAC,PF,ACTIVE,140.0,0,0.2,66.0,12.6,228.0,211.0,86.0,33.0,26.0,46.0,93.0,185.0,36.0,53.0,6.0,26.0,40.0,6.28,61.0,68.0,25.0,11.0,8.0,14.0,26.0,44.0,9.0,14.0,0.0,1.0
espn,4712863,Mouhamed Gueye,ATL,PF,DAY_TO_DAY,140.1,0,0.2,70.0,15.4,319.0,252.0,63.0,56.0,35.0,28.0,123.0,273.0,37.0,56.0,36.0,119.0,77.0,15.3,342.0,275.0,69.0,61.0,39.0,33.0,131.0,290.0,40.0,62.0,40.0,130.0
espn,4397886,Charles Bassey,GSW,C,ACTIVE,140.0,0,0.2,17.0,11.3,89.0,73.0,9.0,5.0,14.0,9.0,37.0,58.0,15.0,22.0,,,13.0,11.77,76.0,57.0,7.0,4.0,11.0,6.0,31.0,47.0,14.0,20.0,0.0,0.0
espn,4066650,Zach Collins,CHI,C,DAY_TO_DAY,140.1,0,0.2,56.0,14.7,391.0,235.0,84.0,17.0,22.0,50.0,148.0,280.0,61.0,78.0,34.0,95.0,10.0,18.4,97.0,56.0,15.0,2.0,4.0,10.0,37.0,64.0,14.0,20.0,9.0,21.0
espn,3134916,Jordan McLaughlin,SAS,PG,ACTIVE,140.0,0,0.1,64.0,10.1,204.0,70.0,102.0,38.0,6.0,26.0,72.0,160.0,20.0,26.0,40.0,90.0,44.0,6.43,89.0,32.0,38.0,20.0,2.0,15.0,33.0,79.0,6.0,7.0,17.0,40.0
espn,2578185,Dorian Finney-Smith,ATL,PF,ACTIVE,140.1,0,0.1,64.0,18.1,277.0,173.0,64.0,32.0,13.0,38.0,100.0,262.0,15.0,19.0,62.0,192.0,37.0,16.73,123.0,93.0,36.0,16.0,6.0,22.0,44.0,132.0,8.0,9.0,27.0,100.0
espn,4065654,Jonathan Isaac,ORL,PF,DAY_TO_DAY,140.1,0,0.1,55.0,11.3,184.0,165.0,28.0,28.0,39.0,22.0,64.0,149.0,42.0,66.0,14.0,61.0,52.0,10.0,134.0,132.0,22.0,20.0,31.0,18.0,46.0,109.0,35.0,58.0,7.0,38.0
espn,4433569,Johni Broome,FA,PF,ACTIVE,140.0,0,0.1,33.0,8.3,50.0,79.0,20.0,17.0,10.0,17.0,20.0,119.0,10.0,30.0,,26.0,11.0,5.0,10.0,16.0,4.0,3.0,2.0,3.0,4.0,24.0,2.0,6.0,0.0,5.0
espn,4683750,Jordan Hawkins,MEM,SG,ACTIVE,140.1,0,0.1,65.0,15.4,402.0,124.0,59.0,20.0,13.0,46.0,142.0,384.0,44.0,52.0,74.0,215.0,51.0,13.51,258.0,88.0,42.0,13.0,10.0,34.0,94.0,257.0,23.0,27.0,47.0,135.0
espn,4868423,Jaden Hardy,LAL,SG,ACTIVE,140.1,0,0.1,60.0,15.3,514.0,96.0,72.0,18.0,6.0,66.0,183.0,432.0,57.0,78.0,91.0,234.0,57.0,15.79,523.0,86.0,58.0,16.0,6.0,62.0,182.0,429.0,55.0,75.0,104.0,262.0
espn,2999547,Gary Harris,FA,SG,ACTIVE,140.0,0,0.1,48.0,14.5,138.0,62.0,48.0,29.0,10.0,19.0,50.0,115.0,8.0,10.0,30.0,77.0,48.0,13.83,128.0,61.0,51.0,27.0,9.0,19.0,46.0,104.0,8.0,9.0,28.0,68.0
espn,4432107,Marcus Sasser,DAL,PG,ACTIVE,140.1,0,0.1,60.0,13.1,344.0,66.0,132.0,36.0,6.0,54.0,123.0,300.0,30.0,36.0,68.0,168.0,38.0,12.05,197.0,39.0,75.0,20.0,4.0,31.0,69.0,177.0,15.0,18.0,44.0,106.0
espn,5081727,Sidy Cissoko,POR,SG,ACTIVE,140.1,0,0.1,62.0,16.2,276.0,124.0,81.0,37.0,19.0,50.0,96.0,236.0,45.0,68.0,39.0,136.0,75.0,19.12,383.0,166.0,110.0,52.0,25.0,70.0,133.0,334.0,58.0,88.0,59.0,198.0
espn,4591259,Koby Brea,PHX,SG,ACTIVE,140.0,0,0.1,63.0,10.2,337.0,63.0,76.0,6.0,,32.0,113.0,271.0,13.0,13.0,98.0,227.0,12.0,7.08,45.0,8.0,10.0,1.0,0.0,4.0,15.0,36.0,2.0,2.0,13.0,30.0
espn,5105553,Julian Phillips,HOU,SF,ACTIVE,140.1,0,0.1,52.0,10.1,168.0,68.0,16.0,26.0,10.0,16.0,60.0,140.0,24.0,31.0,24.0,78.0,48.0,8.94,140.0,49.0,10.0,23.0,7.0,11.0,51.0,121.0,18.0,23.0,20.0,65.0
espn,3133635,Jevon Carter,ORL,PG,ACTIVE,140.1,0,0.1,51.0,15.4,309.0,82.0,82.0,36.0,10.0,31.0,113.0,286.0,12.0,15.0,71.0,199.0,53.0,16.38,339.0,89.0,87.0,40.0,10.0,36.0,123.0,307.0,15.0,19.0,78.0,215.0
espn,4278572,Jamal Cain,ORL,SF,ACTIVE,140.1,0.0,0.1,69.0,19.3,572.0,214.0,76.0,41.0,14.0,55.0,199.0,421.0,100.0,124.0,74.0,200.0,40.0,12.07,215.0,78.0,29.0,11.0,4.0,19.0,74.0,152.0,39.0,46.0,28.0,73.0
espn,4594326,Kris Murray,MEM,PF,ACTIVE,140.1,0,0.1,68.0,21.9,381.0,231.0,88.0,54.0,27.0,54.0,149.0,326.0,44.0,68.0,39.0,143.0,57.0,23.46,331.0,206.0,81.0,51.0,22.0,47.0,129.0,276.0,39.0,57.0,34.0,122.0
espn,3136777,Jae'Sean Tate,HOU,SF,ACTIVE,140.1,0,0.1,54.0,12.1,189.0,124.0,43.0,27.0,5.0,22.0,76.0,157.0,22.0,32.0,15.0,49.0,46.0,8.78,129.0,73.0,25.0,10.0,3.0,16.0,56.0,109.0,7.0,11.0,10.0,32.0
espn,4398390,Jalen Pickett,LAC,PG/SG,ACTIVE,140.0,0,0.1,49.0,11.3,174.0,74.0,78.0,10.0,5.0,25.0,66.0,157.0,8.0,10.0,34.0,88.0,50.0,16.12,260.0,114.0,115.0,13.0,5.0,34.0,98.0,232.0,15.0,19.0,49.0,127.0
espn,2578239,Pat Connaughton,CHA,SG,ACTIVE,140.1,0,0.1,66.0,9.4,214.0,119.0,53.0,20.0,7.0,20.0,77.0,172.0,23.0,33.0,37.0,99.0,42.0,7.0,110.0,61.0,18.0,11.0,1.0,11.0,38.0,85.0,13.0,20.0,21.0,52.0
espn,5105806,Jett Howard,DAL,SF,ACTIVE,140.1,0,0.1,66.0,12.4,344.0,99.0,53.0,13.0,13.0,20.0,122.0,297.0,36.0,40.0,64.0,178.0,55.0,12.71,301.0,87.0,45.0,10.0,11.0,15.0,105.0,251.0,37.0,39.0,54.0,145.0
